-- phpMyAdmin SQL Dump
-- version 5.2.0
-- https://www.phpmyadmin.net/
--
-- Хост: 127.0.0.1:3315
-- Время создания: Апр 14 2025 г., 03:40
-- Версия сервера: 8.0.30
-- Версия PHP: 8.1.9

SET SQL_MODE = "NO_AUTO_VALUE_ON_ZERO";
START TRANSACTION;
SET time_zone = "+00:00";


/*!40101 SET @OLD_CHARACTER_SET_CLIENT=@@CHARACTER_SET_CLIENT */;
/*!40101 SET @OLD_CHARACTER_SET_RESULTS=@@CHARACTER_SET_RESULTS */;
/*!40101 SET @OLD_COLLATION_CONNECTION=@@COLLATION_CONNECTION */;
/*!40101 SET NAMES utf8mb4 */;

--
-- База данных: `QE`
--

-- --------------------------------------------------------

--
-- Структура таблицы `Bookings`
--

CREATE TABLE `Bookings` (
  `Id` int NOT NULL,
  `TypeEvent` varchar(255) NOT NULL,
  `KvantumID` int NOT NULL,
  `EventID` int NOT NULL,
  `FullName` varchar(255) NOT NULL,
  `Email` varchar(255) NOT NULL,
  `PhoneNumber` varchar(255) NOT NULL,
  `SchoolName` varchar(255) NOT NULL,
  `BookingDate` date NOT NULL,
  `TimeRange` varchar(255) NOT NULL,
  `Status` enum('Новое','Подтверждено','Отклонено') NOT NULL DEFAULT 'Новое',
  `UserId` int NOT NULL
) ENGINE=InnoDB DEFAULT CHARSET=utf8mb4 COLLATE=utf8mb4_0900_ai_ci;

--
-- Дамп данных таблицы `Bookings`
--

INSERT INTO `Bookings` (`Id`, `TypeEvent`, `KvantumID`, `EventID`, `FullName`, `Email`, `PhoneNumber`, `SchoolName`, `BookingDate`, `TimeRange`, `Status`, `UserId`) VALUES
(10, 'Мастер-класс', 11, 2, 'Ротанова Дарья Валерьевна', 'rotanovad@bk.ru', '8(912)-948-30-42', 'Школа №8', '2025-04-06', '13:00-16:00', 'Отклонено', 1),
(11, 'Экскурсия', 9, 1, 'Ротанова Дарья Валерьевна', 'rotanovad@bk.ru', '8(912)-849-37-50', 'Школа №7', '2025-04-06', '12:00-13:00', 'Подтверждено', 1),
(12, 'Экскурсия', 6, 3, 'Иванов Иван Иванович', 'ivanov@mail.ru', '8(912)-512-01-92', 'Гимназия №18', '2025-04-06', '13:00-14:00', 'Подтверждено', 2),
(19, 'Экскурсия', 7, 30, 'Иванов Иван Иванович', 'ivanov@mail.ru', '8(912)-512-01-92', 'Школа 4', '2025-04-09', '8:00-11:00', 'Отклонено', 2),
(22, 'Мастер-класс', 5, 19, 'Синицина Ольга Владимировна', 'cinic@yandex.ru', '8(912)-848-47-47', 'Школа 91', '2025-04-14', '13:00-14:00', 'Отклонено', 6);

-- --------------------------------------------------------

--
-- Структура таблицы `Events`
--

CREATE TABLE `Events` (
  `Id` int NOT NULL,
  `Name` varchar(255) NOT NULL,
  `KvantumID` int NOT NULL DEFAULT '1'
) ENGINE=InnoDB DEFAULT CHARSET=utf8mb4 COLLATE=utf8mb4_0900_ai_ci;

--
-- Дамп данных таблицы `Events`
--

INSERT INTO `Events` (`Id`, `Name`, `KvantumID`) VALUES
(1, 'Соревновательный планер', 1),
(2, 'Управление квадрокоптером с помощью жестов', 1),
(3, 'Водная ракета', 2),
(4, 'Ракета', 2),
(5, 'Кратеры', 2),
(6, 'Летающая тарелка', 2),
(7, 'Основы робототехники', 3),
(8, 'Роботы онлайн', 3),
(9, 'Основы программирования ардуино', 3),
(10, 'Требушет', 4),
(11, 'Освоение инновационного оборудования \"Плоттерная печать\"', 4),
(12, 'Сборка конструктора, созданного с использованием инновационного оборудования \"Лазерно-гравировального станка\"', 4),
(13, 'Создания брелока с применением инновационного оборудования \"Лазерно-гравировального станка\" и метода сублимации', 4),
(14, 'Создание изделия из фанеры с применением инновационного оборудования \"Лазерно-гравировального станка\"', 4),
(15, 'Подушка-игрушка', 4),
(16, '3D-голограмма', 5),
(17, 'Сварка оптического волокна', 5),
(18, 'Cинематографика', 5),
(19, '3д очки', 5),
(20, 'Бабочка', 5),
(21, 'Камера обскура', 5),
(22, 'Белки, жиры и углеводы', 6),
(23, 'Микроскопия', 6),
(24, 'Декоративная бумага из листьев и макулатуры', 6),
(25, 'Травянчики', 6),
(26, 'Нейротехнологии в медицине', 6),
(27, 'Электропроводность', 7),
(28, 'Химическая радуга', 7),
(29, 'Молекулярная кухня. Фруктовые икринки', 7),
(30, 'Качественный и количественный химический анализ', 7),
(31, 'Молекулярный конструктор', 7),
(32, 'Практикум по \"Ардуино\"', 8),
(33, 'Scratch', 8),
(34, '3D платформер', 9),
(35, 'Океан 3D графики', 9),
(36, 'Другие реальности', 9),
(37, 'Создание мозаичного панно', 10),
(38, 'Создание полигональной фигуры из картона', 10),
(39, 'Манекен-челлендж', 11),
(40, 'Основы фотографии: от настроек до композиции', 11),
(41, 'Стрит-ток', 11),
(42, 'Стоп-моушен анимация', 11);

-- --------------------------------------------------------

--
-- Структура таблицы `Kvantums`
--

CREATE TABLE `Kvantums` (
  `Id` int NOT NULL,
  `Name` varchar(255) NOT NULL
) ENGINE=InnoDB DEFAULT CHARSET=utf8mb4 COLLATE=utf8mb4_0900_ai_ci;

--
-- Дамп данных таблицы `Kvantums`
--

INSERT INTO `Kvantums` (`Id`, `Name`) VALUES
(1, 'АЭРОКВАНТУМ'),
(2, 'КОСМОКВАНТУМ'),
(3, 'ПРОМРОБОКВАНТУМ'),
(4, 'ХАЙТЕК'),
(5, 'ФОТОНИКА'),
(6, 'БИО'),
(7, 'НАНОКВАНТУМ'),
(8, 'IT'),
(9, 'VR / AR'),
(10, 'ПРОМДИЗАЙНКВАНТУМ'),
(11, 'МЕДИАКВАНТУМ');

-- --------------------------------------------------------

--
-- Структура таблицы `UploadedFiles`
--

CREATE TABLE `UploadedFiles` (
  `Id` int NOT NULL,
  `BookingId` int NOT NULL,
  `FileName` varchar(255) NOT NULL,
  `FileType` varchar(50) NOT NULL,
  `Content` longblob NOT NULL
) ENGINE=InnoDB DEFAULT CHARSET=utf8mb4 COLLATE=utf8mb4_0900_ai_ci;

--
-- Дамп данных таблицы `UploadedFiles`
--

INSERT INTO `UploadedFiles` (`Id`, `BookingId`, `FileName`, `FileType`, `Content`) VALUES
(33, 11, 'проб.xlsx', 'Excel', 0x504b03041400060008000000210062ee9d685e01000090040000130008025b436f6e74656e745f54797065735d2e786d6c20a2040228a000020000000000000000000000000000000000000000000000000000000000000000000000000000000000000000000000000000000000000000000000000000000000000000000000000000000000000000000000000000000000000000000000000000000000000000000000000000000000000000000000000000000000000000000000000000000000000000000000000000000000000000000000000000000000000000000000000000000000000000000000000000000000000000000000000000000000000000000000000000000000000000000000000000000000000000000000000000000000000000000000000000000000000000000000000000000000000000000000000000000000000000000000000000000000000000000000000000000000000000000000000000000000000000000000000000000000000000000000000000000000000000000000000000000000000000000000000000000000000000000000000000000000000000000000000000000000000000000000000000000000000000000000000000000000000000000000000000000000000000000000000000000000000000000000000000000000000000000000000000000000000000000000000000000000000000000000000000000000000000000000000000000000000000000000000000000000000000000000000000000000000000ac94cb4ec3301045f748fc43e42d4adcb2400835ed82c7122a513ec0c493c6aa635b9e6969ff9e89fb1042a1156a37b112cfdc7b32f1cd68b26e6db68288c6bb520c8b81c8c0555e1b372fc5c7ec25bf171992725a59efa0141b4031195f5f8d669b009871b7c3523444e1414aac1a6815163e80e39ddac75611dfc6b90caa5aa839c8dbc1e04e56de1138caa9d310e3d113d46a69297b5ef3e32d49048b227bdc16765ea550215853296252b972fa974bbe7328b833d5606302de308690bd0eddcedf06bbbe371e4d341ab2a98af4aa5ac6906b2bbf7c5c7c7abf288e8bf450faba3615685f2d5b9e40812182d2d800506b8bb416ad326ecf7dc43f15a34ccbf0c220ddfb25e1131cc4df1b64ba9e8f90644e18226d2ce0a5c79e444f39372a827ea7c8c9b838c04fed631c7c6ea6d107e40445f8ff14f611e9baf3c04210c9c021247d87ede0c8e93b7becd0e55b83eef196e97f32fe060000ffff0300504b030414000600080000002100b5553023f40000004c0200000b0008025f72656c732f2e72656c7320a2040228a000020000000000000000000000000000000000000000000000000000000000000000000000000000000000000000000000000000000000000000000000000000000000000000000000000000000000000000000000000000000000000000000000000000000000000000000000000000000000000000000000000000000000000000000000000000000000000000000000000000000000000000000000000000000000000000000000000000000000000000000000000000000000000000000000000000000000000000000000000000000000000000000000000000000000000000000000000000000000000000000000000000000000000000000000000000000000000000000000000000000000000000000000000000000000000000000000000000000000000000000000000000000000000000000000000000000000000000000000000000000000000000000000000000000000000000000000000000000000000000000000000000000000000000000000000000000000000000000000000000000000000000000000000000000000000000000000000000000000000000000000000000000000000000000000000000000000000000000000000000000000000000000000000000000000000000000000000000000000000000000000000000000000000000000000000000000000000000000000000000000000000000ac924d4fc3300c86ef48fc87c8f7d5dd9010424b774148bb21547e8049dc0fb58da3241bddbf271c10541a8303477fbd7efccadbdd3c8deac821f6e234ac8b12143b23b677ad8697fa7175072a2672964671ace1c41176d5f5d5f699474a792876bd8f2aabb8a8a14bc9df2346d3f144b110cf2e571a0913a51c86163d99815ac64d59de62f8ae01d54253edad86b0b737a0ea93cf9b7fd796a6e90d3f88394cecd29915c8736267d9ae7cc86c21f5f91a5553683969b0629e723a22795f646cc0f3449bbf13fd7c2d4e9cc852223412f832cf47c725a0f57f5ab434f1cb9d79c43709c3abc8f0c9828b1fa8de010000ffff0300504b0304140006000800000021005c6e93c9c90200002c0600000f000000786c2f776f726b626f6f6b2e786d6ca454dd4edb3014be9fb477b07c1f12a76928112982866a48db84367e6e2a2137711bab499cd90e2d425cb05dec39f606d3ae10d2b65748df6827695328bd6110b5768e4ff4f9fb7cbee3ddbd599aa04b261517998fc9968511cb4211f16cece3d393bed1c148699a45341119f3f1155378affbf6cdee54c8c950880902804cf938d63af74c5385314ba9da1239cb20331232a51a423936552e198d54cc984e13d3b62cd74c29cff002c193cfc110a3110f5920c22265995e804896500df455cc73d5a0a5e173e0522a27456e8422cd0162c813aeaf6a508cd2d03b1a6742d26102b267a48d66127e2efc890583ddec04a98dad521e4aa1c4486f01b4b920bda19f5826216b4730db3c83e72139a66497bcaae18a95745fc8ca5d61b90f60c47a351a016bd55ef1e0f05e88d65e71b3717777c41376b6b02ea279fe91a655a5128c12aaf461c4358b7cbc0da198b2b50559e407054f206b3b96ed62b3bbb2f3b144111bd122d12760e4061e3ac37577ec76f52518633fd14c6654b39ec834f870a9ebb59eabb17bb10087a34fec4bc12583c6027f81561869e8d1a13aa63a46854c7cdcf306a70ae40f22aa948ae378103035d1221f3cb226ddec83ff30270d2bc526485ed05abc3f950feca4d718f0584b04ef47c17b28c2677a092581c247cb8e3d823327ad8b2c941eb9b86ef5ad5ebb13b48cce01b10cc7090263df39dc36f63b0787c4d909dc56bb7f0362a4eb8582163a5e56bb82f6b103a5dd487da0b326432cafe0d1038d6b6bf918d5fc6468723795e0ea5e3be36caa1e7c51856876ceb3484c7dec6e5b6d8cae9ab06577209cd6c9731ee91844b69d9dd5da3bc6c7313026c4ae16c1ff15331faf310a168cfaf018d5b0c6c87c44a9be41815a3da3ac767df9a3fc5bdecd6fcb3fe53d9a7f9b7f2f7fce6fe75fcbdfe55d790f8bbfe016af2edefafc31925eb5bd3c8a485ddf0631a449080d504dd587569d6c2efaee3f000000ffff0300504b030414000600080000002100813e9497f3000000ba0200001a000801786c2f5f72656c732f776f726b626f6f6b2e786d6c2e72656c7320a2040128a0000100000000000000000000000000000000000000000000000000000000000000000000000000000000000000000000000000000000000000000000000000000000000000000000000000000000000000000000000000000000000000000000000000000000000000000000000000000000000000000000000000000000000000000000000000000000000000000000000000000000000000000000000000000000000000000000000000000000000000000000000000000000000000000000000000000000000000000000000000000000000000000000000000000000000000000000000000000000000000000000000000000000000000000000000000000000ac524d4bc43010bd0bfe8730779b761511d9742f22ec55eb0f08c9b429db2621337ef4df1b2aba5d58d64b2f036f8679efcdc776f7350ee20313f5c12ba88a12047a136cef3b056fcdf3cd030862edad1e8247051312eceaebabed0b0e9a7313b93e92c82c9e1438e6f828251987a3a62244f4b9d286346ace3075326a73d01dca4d59decbb4e480fa8453ecad82b4b7b7209a2966e5ffb943dbf6069f82791fd1f31909493c0d7900d1e8d4212bf8c145f608f2bcfc664d79ce6bc1a3fa0ce51cab4b1eaa353d7c86742087c8471f7f299273e5a299bb55efe17442fbca29bfdbf22ccbf4ef66e4c9c7d5df000000ffff0300504b0304140006000800000021002fa3b13a030500000617000018000000786c2f776f726b7368656574732f7368656574312e786d6c9c93db8eda301086ef2bf51d2cdf839340d8dd88b02a45a87b57f5786d9c09b1b0e3d43627557df78e13024848086d94781cdbf3fd3399c9f4f5a015d98175d2d4398d871125500b53c87a9dd39f3f9683674a9ce775c195a921a74770f475f6f1c3746fecc655009e20a17639adbc6f32c69ca8407337340dd4b8531aabb9c757bb66aeb1c08bd6492b9644d184692e6bda1132fb08c394a514b03062aba1f61dc482e21ee377956c5c4fd3e2119ce676b36d06c2e806112ba9a43fb6504ab4c8ded6b5b17ca530ef433ce6821c2cde093ea35ea65dbf51d25258e34ce98748665dccb7e9bfb017c6c599749bff439878cc2cec6428e00595bc2fa4383db3920b6cf44ed8e40c0b9fcb665b59e4f46f74ba0668e3304497a1dffb4767d34262854356c44299d34f71b6489e289b4ddb06fa2561efaee6c4f3d57750203ca0484c49e8cf95319b70f00d972244baf6404072e1e50e3e8352399d6374ee4f2b321f65f3240a22ecac723def15976d577fb5a480926f95ff66f65f40ae2b8fd229e61a9a252b8e0b7002bb14c587491aa8c22844e048b40cbf1b76193f74e1cac25739457122b6ce1bfdbb5b884f6e9d0316a57540bb3f393c0d93e7344e27284056e0fc528620ee5230df9682f64489d32bca1dfdf1c9136daf8fa1dc97656dd2ff010000ffff000000ffff9498d16ee23010457f05e5030a930049ab80d4901f412c529fdaaa4174f7ef6bc778ec5cdbb39d0710626e260727f689e9a7b7ebf5369e6fe763fff5f1bdfa3a5454ada6cff3fb643ebd6cabd5dbcd7cd83db5bb6af597b6e7cbcb9f7fe375ba5cdfcdf79ba77a571dfb8b3decd51e371f6d0a93f9f67edcf4ebfbb15f5fcccbf4e613d4cb13c85d6df8509977ee4adc753eef9026ea65e294269a65624c13db3c7ba361b7e143d5cc6381d4be16fd2e803ab9c8763ebce99afd1ea0d3165d1eda5cc5f88aca036ec31e1a0672f03501da4502740bd0698b02b4b9df7e0f6dc31e1a8671f03501da450274409a6fb1316d5180de6ba06dd84387dbcdddd4be2640bb48807e86914e5b14a05b0db40d7be81dcc445f13a05d84a1dbb044b8914e5b14a03b0db40d7b68984583af09d02e12a0612e8f698b02f4b306da863d34cca2c1d704681709d03097c7b445019a361aea39edb1611e0d5c14b81f99008e6b75a649891c54f61f7f3981b9e51a26d340be2891bb4c2087493d669a94c8558e24a7af8768604a0d5c95d05d87800e537bcc3429a1ab14490b47a224b92aa183265bd464a649095d254a8a4d49a84aae4ae820cb16659969524257e992625f120a93ab123a28b34565669a94d055d2a4d89a84dae4aa840ee26c519c99262574953a297627a13cb92aa1833e3bd467a649095d25508a0d4aa850ae4ae820d10e259a695242576994628f128a94ab123aa8b44395669a14d06b954be7346f2050a65c15d01f195ed7bb64e36381ec294293123a28e9d7fbc2dab9c5c891b770e1de5f6e0c55eaa8ddc22f6e0dd348b2374c23c918a5913003963f4025907a2110dcd5a61b25b8774f8fe3858b9bf6086bdd125ca50fb3e92fef11b9182e77020ef2e8f04129d3834a7f26a8ec51c7f640ef715120077774f89c94e94161a55b8eb94a1e752c0fd41e17057254073e26657a440f358e7c1dfe2dfa010000ffff000000ffffb229484c4ff54d2c4acfcc2b56c8494d2bb15532d033575228ca4ccf80b14bf20bc0a2a64a0a49f92525f9b9305e466a624a6a118867aca490969f5f02e3e8dbd9e897e717651767a4a696d801000000ffff0300504b03041400060008000000210012eb813a7c070000f920000013000000786c2f7468656d652f7468656d65312e786d6cec59cd6e1c3712be07c83b34fa3e9ebfeef9113c0ee6d78a2dd9863576e02335c399a6c56e0e488ee4816120704eb92408e05dec6581642f7b088208582f122c36d857509ec1808d8df31029b27ba6490dc7961d39f02e24015237fbab62b1aafa6375f1f2470f62ea1d622e084b5a7ef952c9f770326263924c5bfe9de1a0d0f03d215132469425b8e52fb0f03fbaf2e10797d1968c708c3d904fc4166af99194b3ad62518c6018894b6c86137836613c46126ef9b438e6e808f4c6b45829956ac51891c4f7121483da93bf9dfcf3e4df27c7decdc9848cb07f65a9bf4f6192440a3530a27c4f69c74ba16f7e7e7c727cf2d3c9d393e39f3f85eb9fe0ff975a767c5056126221ba947b8788b67c987acc8e86f881f43d8a8484072dbfa47ffce295cb45b4950951b941d6901be89f4c2e13181f54f49c7cbabf9a3408c2a0d65ee9d7002ad771fd7abfd6afadf469001a8d60e5a92db6ce7aa51b645803945e3a74f7eabd6ad9c21bfaab6b36b743f56be13528d51face107832e78d1c26b508a0fd7f061a7d9e9d9fa3528c5d7d6f0f552bb17d42dfd1a1451921caca14b61adda5dae76059930baed8437c36050af64ca731464c32adbd4141396c8b3e65e8cee333e000125489124892717333c412348f42ea2649f136f874c2348c4194a9880e152a5342855e1affa0df4958e30dac2c89056768265626d48d9e789112733d9f2af8156df803cfff1c7678f9f3e7bfcc3b3cf3e7bf6f8fb6c6eadca92db46c9d4947bf9f7af7efdeba7de2ffff8fae5933fa5539fc60b13ffe2bbcf5ffceb3faf520f2bce5df1fccfc72f9e1e3fffcb17fffdf689437b9ba37d133e243116de0d7ce4dd66312cd0613fdee76f26318c10b1245004ba1daafb32b280371688ba701d6cbbf02e07d67101afceef5bb6ee457c2e8963e6eb516c017719a31dc69d0eb8aee6323c3c9c2753f7e47c6ee26e2374e89abb8b122bc0fdf90ce897b85476236c99798ba244a2294eb0f4d4337680b16375f708b1fcba4b469c093691de3de2751071ba6448f6ad44ca85b6490c7159b80c84505bbed9bdeb751875adba870f6d24bc16883a8c1f626ab9f12a9a4b14bb540e514c4d87ef2019b98cdc5bf09189eb0b09919e62cabcfe180be192b9c961bd46d0af03c3b8c3be4b17b18de4921cb874ee20c64c648f1d742314cf9c36932432b11f8b034851e4dd62d205df65f61ba2ee210e28d918eebb045be17e3d11dc0172354dca13443d9973472caf6266bf8f0b3a41d8c5326d1e5becdae6c4991d9df9d44aed1d8c293a42638cbd3b1f3b2ce8b099e5f3dce86b11b0ca367625d63564e7aaba4fb0c09eae73d6297287082b65f7f0946db06777718a7816288911dfa4f90644dd4a5dd8e59c547a938e0e4ce00d021522e48bd3293705e83092bbbf49ebad08597b97ba17ee7c5d702b7e6779c7e0bdbcffa6ef25c8e0379601623fb36f86885a13e40933445060b8e81644acf0e7226a5fd56273a7dcc47e69f33040a164d53b31495e5bfc9c2a7bc23fa6ec711730e750f0b815ff9e526713a56c9f2a7036e1fe07cb9a1e9a27b730ec24eb9c7551d55c5435feff7d55b3e95dbea8652e6a998b5ac6f5f5f54e6a99bc7c81ca26effae81e507ce616d08450ba271714ef08dd0512f085331ec0a06e57e91ee6aa45388be0326b4059b829475ac6e34c7e4264b417a119b48acabac1391599eaa9f0664c4007490febee2b3ea55bf7a1e6f12e1ba79dd07259753d53970a24f3f152b81a87ae954cd1b57adedd5ba9d7fdd2a9eeca2e0d50b26f628431996d44d561447d3908517995117a65e76245d3614543a95f866a19c5952bc0b45554e013dc830ff7961f066987199a7350ae8f559cd266f332ba2a38e71ae94dcea4660640c9bdcc803cd24d65ebc6e5a9d5a5a97686485b4618e9661b61a461041fc659769a2df9f38c75330fa9659e72c5f26dc8cda837de45ac15a99ce2069a984c4113efa8e5d7aa211cc48cd0ace54fa0830c97f10c7247a8af3044a7705233923c7de1df8659665cc81e1251ea704d3a291bc44462ee5112b77cb5fc5536d0447388b6ad5c0142786f8d6b02adbc6fc641d0ed20e3c9048fa419766344793abd05864fb9c2f9548bbf3d5849b239847b2f1a1f79fb74ce6f2348b1b05e560e1c13010709e5d49b630227652b22cbf3efd4c694d1ae7954a573281d477416a16c4731c93c856b125d99a3ef563e30eeb2358343d75db83f551becefde755fbf552bcf19a499ef9916aba85dd34da6ef6e9337acca3751cbaa94baf537b6c8b9aeb9e43a4854e72ef19a5df70c1b82615a3e99659ab2789d86156767a3b669e75810189ea86df0db6a8f707ae26d777e903b9db56a8358d6993af1f529bb790acef6ef0379f4e03c714ea5d0a184336d8ea0e84b4f2853da8057e481cc6a44b8f2e69cb4fc87a5b01d742b61b7506a84fd42500d4a8546d8ae16da61582df7c372a9d7a93c828d454671394c4ff80770a44117d939bf1e5f3beb8f97a73697462c2e327d845fd486ebb3fe72c53aeb4f8ff8bda13ac9f73d02a4f3b0561934abcd4eadd0acb60785a0d769149add5aa7d0ab75ebbd41af1b369a8347be77a8c141bbda0d6afd46a156ee760b41ada4cc6f340bf5a0526907f576a31fb41f65650cac3ca58fcc17e05e6dd795df000000ffff0300504b030414000600080000002100673b1c7e66030000630900000d000000786c2f7374796c65732e786d6ca456cd6edb3810be17d877207857f413cbb50d49451d5b4081b6582029b0574aa264a214295074566ed1730f7987bec31e7be83b246fd4a17e2c65936ebca90f1667a8f9e69b3f52c1aba6e4e89aaa9a491162f7ccc1888a54664c1421fe70155b0b8c6a4d4446b81434c4075ae357d11f2f825a1f38bddc51aa1140883ac43badab956dd7e98e96a43e931515b0934b55120da22aecba529464b5312ab9ed39cedc2e0913b8435895e9292025511ff79595cab2229a258c337d68b1302ad3d59b424845120e541b774652d4b873e5a1460d4e5aed033f254b95ac65aecf00d79679ce52fa90eed25eda241d9100f97948ae6f3bdebdd81bf54ca499ade83533e5c351904ba16b94cabdd0213e07a22605ab8f42fe2d62b30515eedf8a82fa13ba261c342eb6a340909276f205e12c51cc286d83d7a14641028adfb2f19ef2d3baabc11fe37c1245a7880228b7a64ac4b08bfaf5d5a182420be8cc8e2e6c3df976a1c8c1f5fcd30d6ac95966d2565c482e15524512e2385e6f362fb7db1666c2cc24ad65d13e209844aa0cc66b288a07409d2a0a38cd352455b162679e5a56f09f48ada105a32063a49082705387c1626a096309131862bd83098a8274cacd697f2d37e3a4f771a245cba7a573a201101f789f68d105f9788c7db090ba94727e6982fc2b3fe6cff46f9323b12fe352bfc9420c0796e9d26109b9ef975dae3ac1e4708ad6614f60fd67c1a2263fe2ff8a9407fc1e2775b446a4aaf8c10ca8994fe0fa2b2c77c402d83140d00f4cee63f512f837c89db46e1b72945f7356889276cea300a6bf13d14e2af60948994322857daada866af2ff5f8107044712ff0ed79d3d5dd00770eff7654255dc5e358f453ad41f2a3e69ab7b4d756c0f648ec210df7ebbfde7eee6eeebed8fbb9bdbef9304277bc635138f34166067cdd8aa8e4997367751dbc4476fd0b119cdc99eebabe36688c7f53b9ab17d0905eedffa935d4bdd4284785cbf35a7863b373e68a3dfd630e4f0447bc542fc79bb7eb9dc6c63cf5a38eb85353ba7beb5f4d71bcb9f5dc0b1152f1dcfb9f832b9117fe33e6c2f70e80877b6aa39dc9aaa0fb6277f39ea423c113afa6d4301ed29f7a537775efbae63c5e78e6bcde664612de6e7be15fbaeb799cfd65b3ff627dcfd67de9b8eedbadd0d6cc8fb2bcd4aca99186a355468aa852281f81f41d84325ecf1eb28fa090000ffff0300504b0304140006000800000021003b8f78347c010000b002000014000000786c2f736861726564537472696e67732e786d6c8492df4a024114c6ef83de6198eb725cb388d85d2f829ea01e60d14917dc59db19a3ee528388242322a28b48e8a2cb6551f30fea2b9c79859ea4b36a54aed0d5ec7ce73bdff99d65ccdc995726a73c90ae2f2c6aa4d2947091f70bae285af4e8f060739712a91c5170cabee0163de792e6ecf535534a45b057488b9694aaec3126f325ee3932e557b8c0cab11f788ec26b5064b21270a7204b9c2bafcc32e9f40ef31c575092f7ab4259743b4b4955b82755be3f178c2cb54de9daa6b2a10d53e8eb1a4c604874435f41a86bba0e63e8c310c5c864ca36596c9e377c5e3e2e4bf0064ff092501f30aa0e21d11798d3830e74e354dd4a18df679346106e10fcc213096a09571b53a6b3ac689117ea5b7d8d9cdd15a32798d3c37993781bdd4c385eb18270b10322848498f64237758bc03dea23e8c657648ed0132ef71b7097887cfe4687b1be8101eead1bf37f88333ab8791dd346ab597ed789b18af68f23f3af636bd931db76b040830f5c2a82e18f89e18bb3bf000000ffff0300504b03041400060008000000210021fa9281430100006102000011000801646f6350726f70732f636f72652e786d6c20a2040128a00001000000000000000000000000000000000000000000000000000000000000000000000000000000000000000000000000000000000000000000000000000000000000000000000000000000000000000000000000000000000000000000000000000000000000000000000000000000000000000000000000000000000000000000000000000000000000000000000000000000000000000000000000000000000000000000000000000000000000000000000000000000000000000000000000000000000000000000000000000000000000000000000000000000000000000000000000000000000000000000000000000000000000000000000000000000008c92414f83301886ef26fe07d23bb4c030da004bd4ece41213311a6f4dfb6d106969da2adbbfb7c044cc3c786cdfb74f9f7e69be3ec836f804639b4e15288e080a40f14e346a5fa0e76a135ea3c03aa6046b3b05053a8245ebf2f222e79af2cec0a3e93418d7800d3c4959ca75816ae734c5d8f21a24b3916f281fee3a2399f34bb3c79af177b6079c10728525382698637800867a26a21352f019a93f4c3b0204c7d08204e52c8ea318ff741d1869ff3c30268ba66cdc51fb379d74976cc1a7706e1f6c3317fbbe8ffa74d4f0fe317edd3e3c8d4f0d1b35cc8a032a73c12937c05c674ac1acb5755de778b1390cb065d66dfdac770d88dbe3a2779e79dea83f4141045e884efadfc94b7a775f6d509990240bc92a8c932abea1ab8c26e46db8fad7f94170da902781ff10d32a49694668962d88df8032c7679fa2fc020000ffff0300504b030414000600080000002100fe098ed1ab0100001903000010000801646f6350726f70732f6170702e786d6c20a2040128a00001000000000000000000000000000000000000000000000000000000000000000000000000000000000000000000000000000000000000000000000000000000000000000000000000000000000000000000000000000000000000000000000000000000000000000000000000000000000000000000000000000000000000000000000000000000000000000000000000000000000000000000000000000000000000000000000000000000000000000000000000000000000000000000000000000000000000000000000000000000000000000000000000000000000000000000000000000000000000000000000000000000000000000000000000000000009c92bd6edb301485f7027907817b4c392982c2a01814f94186163560273b435dd94469522019c1eed676e8d047e8d437083a0501dabe02f546b9941a476e3a75bb3f07479f0e2f3b5eaf74d680f3ca9a828c4739c9c0485b2ab328c8e5fc7cff15c97c10a614da1a28c8063c39e67b2fd8d4d91a5c50e033b430be20cb10ea09a55e2e6125fc08d7063795752b11b0750b6aab4a4938b5f2660526d0833c3fa2b00e604a28f7ebad21e91d274df85fd3d2cac4e7afe69b1a81397b5dd75a4911f02ff95b259df5b60ad9d95a826674b86448370379e354d8f09cd161cb6652683841635e09ed81d1a701bb0091429b0ae53c674d983420837599571f30b603925d0b0f09a7208d704a98805849d6375dad6b1f1c8fdfe25dfbb1fdd47e651405fdb02b87da61ad5ef27127c06257980c7a105cec22ce55d0e0df5553e1c23f88c743e28ea1e7fdc3f83dfe4e94f157bccfdacfed97789b90e3cf7817ef71f8e3197a970642fcf5d937cabcf797f5dc9e8a008fb1ee0ed96c291c94f812dbd8b7037681893a9d4c4e96c22ca07cd43c5fa423b8ea2f9d8f8f46f9618eef3b9831fa74d3fc010000ffff0300504b01022d001400060008000000210062ee9d685e010000900400001300000000000000000000000000000000005b436f6e74656e745f54797065735d2e786d6c504b01022d0014000600080000002100b5553023f40000004c0200000b00000000000000000000000000970300005f72656c732f2e72656c73504b01022d00140006000800000021005c6e93c9c90200002c0600000f00000000000000000000000000bc060000786c2f776f726b626f6f6b2e786d6c504b01022d0014000600080000002100813e9497f3000000ba0200001a00000000000000000000000000b2090000786c2f5f72656c732f776f726b626f6f6b2e786d6c2e72656c73504b01022d00140006000800000021002fa3b13a03050000061700001800000000000000000000000000e50b0000786c2f776f726b7368656574732f7368656574312e786d6c504b01022d001400060008000000210012eb813a7c070000f920000013000000000000000000000000001e110000786c2f7468656d652f7468656d65312e786d6c504b01022d0014000600080000002100673b1c7e66030000630900000d00000000000000000000000000cb180000786c2f7374796c65732e786d6c504b01022d00140006000800000021003b8f78347c010000b002000014000000000000000000000000005c1c0000786c2f736861726564537472696e67732e786d6c504b01022d001400060008000000210021fa9281430100006102000011000000000000000000000000000a1e0000646f6350726f70732f636f72652e786d6c504b01022d0014000600080000002100fe098ed1ab01000019030000100000000000000000000000000084200000646f6350726f70732f6170702e786d6c504b0506000000000a000a0080020000652300000000);
INSERT INTO `UploadedFiles` (`Id`, `BookingId`, `FileName`, `FileType`, `Content`) VALUES
(34, 11, 'пробн.pdf', 'PDF', 0x255044462d312e370d0a25b5b5b5b50d0a312030206f626a0d0a3c3c2f547970652f436174616c6f672f50616765732032203020522f4c616e672872752d525529202f53747275637454726565526f6f74203135203020522f4d61726b496e666f3c3c2f4d61726b656420747275653e3e2f4d65746164617461203430203020522f566965776572507265666572656e636573203431203020523e3e0d0a656e646f626a0d0a322030206f626a0d0a3c3c2f547970652f50616765732f436f756e7420312f4b6964735b2033203020525d203e3e0d0a656e646f626a0d0a332030206f626a0d0a3c3c2f547970652f506167652f506172656e742032203020522f5265736f75726365733c3c2f466f6e743c3c2f46312035203020522f4632203132203020523e3e2f4578744753746174653c3c2f47533130203130203020522f47533131203131203020523e3e2f50726f635365745b2f5044462f546578742f496d616765422f496d616765432f496d616765495d203e3e2f4d65646961426f785b20302030203539352e3332203834312e39325d202f436f6e74656e74732034203020522f47726f75703c3c2f547970652f47726f75702f532f5472616e73706172656e63792f43532f4465766963655247423e3e2f546162732f532f537472756374506172656e747320303e3e0d0a656e646f626a0d0a342030206f626a0d0a3c3c2f46696c7465722f466c6174654465636f64652f4c656e67746820313838353e3e0d0a73747265616d0d0a789cc55a598b23470c7e37f83f54de3c21aea9fb80a1c1d72c59b290b01bf2b009615936f39421c7ff87d4d95ddd5dd59eb5e5896170bba7baa59254923e49e8fe47f4f070ffeef0fd1191ae43fbe301fdbd5e114cfcc7184d1141d24acc19328262cbd03f5fd6ab5fbe45cfebd5fec37a75ff481165e8c31feb955f4a10459c336c25d25a60ff9f3fdda237ef29414fffba17a3a7f893a69f6fd6ab8f0f84f113618a755be6aed58e30f9d8097f29ba2df7df07f767e2bfd4d171c6e352490913eebe08f7e26b840d8fbadbfe16d959b78c845bf9a5badb8afcd25df71bfaf076bd3ab9bdfcb45e7de5ded974efc2484c45b9f7b0e3b8cf0dbabb865853d0d2789a13620f51a0a30de76f2731e9362f779d723f35e964b9da849572fac0317c0731070deda230695ce2dfd72bf0d0e9e285dac6a734ed78a1055930f218c80d0bb681fa7e6c033d13b02a9382374438d5173abd3b20549c180a7c6204c3bca6475b6826882baa86cf9597b522c3a55b10f515ff1baf8fc50b073d06fdc95e15d900262accdace86e11ea623cb1ad633a5823633ed1df049938c62a6ea323bab3806ac38a6b05015cd093177695974a7708b276d6913f419a4ec3c18ac9fb00a6bdbe49250ef4599ff06768694627fb8aa74cfea8803eb8812aca62e196dddab993bf89f3fc690e17d578dadf77f7d7aee3913f73f7c7a7e429b2fcfdb9fdfdf5dc6e64c585c286c749dcd8f9bdf973f57c595f9d1f2126b715257db483ef226f2896a5456603537a633f2b9818814b6a6c5cd39d3564032118463ed64a20d362fd5d4c085063a60cc504c2c528a7991549ca02d528318d3b54a313dc508e090ce19c1b2c5d1660b9c853181a56c6fbfcf9062a0f5a131045b116ec1ee5baa7046eafbbe34fbacd98e81b21de9d671a4b8c6a41a408f7daa1a82270997326689a06a649660bec0493255edd3d6883e3c0a81b5242a7dbc6c0bc3f639bb3c745b3d4aa663e6c0523691cf57cec780233b370c9306a721a672e563eae69beb104f85aec1d63624046ae016c8c029d358234543b2daf08dbb94daef836a7b1ca686fcbdc05bfb3138ca0e34c3d9840e0ed106e40dac94b9d02717b6149c9b89e6d9e385824d328097b4eb0cc63dc72a6fb98028054c5493cc79823be271f05ba62443c67d6443667abb12d7a6757cc0475a47c8292a08f4981e4fb759c648b059b3a6589a867c37dfc11e28a1c50231e07a85d0ba4d6cb092c1d2b361049386c68f94792e1a3bbf3447009092af2011119e62ba26a56c8d3dc6ef45b5873de9d489c8e5954d4ea2a208d9c7031fe392fb7d80d51475de5e9b061b57dae89c98200bc47eddc09e082a04d64bba2e2a3fdeed394c96bd607044d914b23f3bf68e1454288c586ce86d34308f2fdeea5ac4a69b9d0493ecffafb3c04a96ea78b14d9608798cb1c3ab28a45ff60661d7844cb97d188ba8985de6752cccb32fea52e49618a00f22a77c8118309ce7d43689f97cd62fffecab0cc06439f5f45a7bbc92dc1c5f08db26772eb288c2e143db9591cb62c8259caddd5c5dca996725ca62b110e5f475f95d250b32be6654b735f766615239d25708aeac8ccc893b942b1b01c7138f869e6bd21238e52221d97c9d3022896e132b61968cd7574125c0b44f5b5f03a8f8f70c3ecafe4dfad672883fb98133c480dc5788899a1e474e39899c19391d077730edf4ede680ed9040dbde37fe228c222522eb8b12815b93cb27f0f6cdacc682b6a5e836513636f35efa1663dabdeafb320da0d937c4f65ddf589bbcf3253db6734d33e824424885195b104f06ccc771ae39e314de31b494b641c5e7ff47658afbcaf25c7261f2e0902a36c0308cf0e0c91aa4c90eb85d485db6bf40af6f6a162304a3918a5c6461a906741cd5b2c4a928579938283031afc2f1c03a07a630e50b82042e3130cedaf4a62dab3b4aca5bc0999f31be5edbdcb98f0c22b97cf632971fc24d67c7ff55690e27e93eaeeaeb92d154521dddc6b001dd73f6615fb7440e5920a650e352b1422cb9c6aa96a7083504a1a122d64fe2d874c8beaa4cda472f359ac8d9c53a8e9d44af517caa8ff68cbc5f9cb97ab197e83dc42d8ad5195a34a53bf646b147d97647b718641182f966469d455893859a574a264ba99f58a808759f046927824cf66b7a999659eb2d2b17d4a5859c3738062f6011d226d68b6118c61acc8bd69cee30bc271f52ff5195c359f09526cdb1920bea3dc546a380eeda3bb989d7521277495593d848b8c94077bd8106fbe54380ebfb772484c48020a6a3a6374a9cb95b4ee96b89cc9a36b151cc4828aa40d8497c1ec4e639888402c187ce24f1d366c022a9bad30ba708672c276ce16787adfcfa21d40b07e59a6c2882e9056c08a0e092d9e002b31a46e52758776739763eb84daf486fa1e7753cd2a20dca23dc5bfbf86a2800366e0501b78ec9b654c2e042ea4af983cfe7717eda85aa8d0ad29bcc0a3267435ab7047b7fce922f1ccfabb46cacc77f6d19eec605b6243646fad182d338b30702c695b93183558bd1cd95a635a7a6c46b52d36491daf567a71295e97992c034059567689e9fdba5fa16875138b0a0d4c587f1c249c3391b9c62c25a6cbcc2c4b074f45b61a61a5dff03dda359d20d0a656e6473747265616d0d0a656e646f626a0d0a352030206f626a0d0a3c3c2f547970652f466f6e742f537562747970652f54797065302f42617365466f6e742f54696d65734e6577526f6d616e50534d542f456e636f64696e672f4964656e746974792d482f44657363656e64616e74466f6e74732036203020522f546f556e69636f6465203336203020523e3e0d0a656e646f626a0d0a362030206f626a0d0a5b2037203020525d200d0a656e646f626a0d0a372030206f626a0d0a3c3c2f42617365466f6e742f54696d65734e6577526f6d616e50534d542f537562747970652f434944466f6e7454797065322f547970652f466f6e742f434944546f4749444d61702f4964656e746974792f445720313030302f43494453797374656d496e666f2038203020522f466f6e7444657363726970746f722039203020522f57203338203020523e3e0d0a656e646f626a0d0a382030206f626a0d0a3c3c2f4f72646572696e67284964656e7469747929202f52656769737472792841646f626529202f537570706c656d656e7420303e3e0d0a656e646f626a0d0a392030206f626a0d0a3c3c2f547970652f466f6e7444657363726970746f722f466f6e744e616d652f54696d65734e6577526f6d616e50534d542f466c6167732033322f4974616c6963416e676c6520302f417363656e74203839312f44657363656e74202d3231362f436170486569676874203639332f4176675769647468203430312f4d6178576964746820323631342f466f6e74576569676874203430302f58486569676874203235302f4c656164696e672034322f5374656d562034302f466f6e7442426f785b202d353638202d3231362032303436203639335d202f466f6e7446696c6532203337203020523e3e0d0a656e646f626a0d0a31302030206f626a0d0a3c3c2f547970652f4578744753746174652f424d2f4e6f726d616c2f636120313e3e0d0a656e646f626a0d0a31312030206f626a0d0a3c3c2f547970652f4578744753746174652f424d2f4e6f726d616c2f434120313e3e0d0a656e646f626a0d0a31322030206f626a0d0a3c3c2f547970652f466f6e742f537562747970652f54727565547970652f4e616d652f46322f42617365466f6e742f54696d65734e6577526f6d616e50534d542f456e636f64696e672f57696e416e7369456e636f64696e672f466f6e7444657363726970746f72203133203020522f4669727374436861722033322f4c617374436861722039352f576964746873203339203020523e3e0d0a656e646f626a0d0a31332030206f626a0d0a3c3c2f547970652f466f6e7444657363726970746f722f466f6e744e616d652f54696d65734e6577526f6d616e50534d542f466c6167732033322f4974616c6963416e676c6520302f417363656e74203839312f44657363656e74202d3231362f436170486569676874203639332f4176675769647468203430312f4d6178576964746820323631342f466f6e74576569676874203430302f58486569676874203235302f4c656164696e672034322f5374656d562034302f466f6e7442426f785b202d353638202d3231362032303436203639335d203e3e0d0a656e646f626a0d0a31342030206f626a0d0a3c3c2f417574686f7228feff041f043e043b044c0437043e0432043004420435043b044c29202f43726561746f7228feff004d006900630072006f0073006f0066007400ae00200057006f007200640020004c00540053004329202f4372656174696f6e4461746528443a32303235303132333131333932322b30352730302729202f4d6f644461746528443a32303235303132333131333932322b30352730302729202f50726f647563657228feff004d006900630072006f0073006f0066007400ae00200057006f007200640020004c00540053004329203e3e0d0a656e646f626a0d0a32322030206f626a0d0a3c3c2f547970652f4f626a53746d2f4e2032302f4669727374203134302f46696c7465722f466c6174654465636f64652f4c656e677468203434393e3e0d0a73747265616d0d0a789cad54db6ae330107d2ff41fe60f74b3641b4a61d9b674290d210eec43c8839aa889a96d154581f6ef77c6f25217caeedaec837c34a3394723cdc8920307a9400b9019082e416a105a813420398e1c1d380a50bc005982d23838648283129019014a225b814211a3416560448e61604c09a2841c178486222f401828c99983901cb7418f44652910330557576c490c0e2b56b1255bbfbf3a56c570dec5dbc6b5ec61037c0b6c79004531d7d79717ff4011d329723a4541369da4a753cc744a3e9d524ca794332a33a79a33ca2966d453a8199c8c1a1d9b9c1afceb2bd403ffc6efceadebe297dd474f72458fb2872c814e6012e4098a047d56f42a7b10096482a4a2928aea55b6302434da7c1d9c5b791fd9ca37eed1bed23128d5a50d9826add2a9c843072d93cc6875e1dee2837b073148dfa156e7a3630bfadc76fb0f638da14ffe8d556e17d9bdb37b17d29c38bfe73fbaa6ee5c75b4942139be75a86063edbbc10eb17eb638e9ad9f3ebc3c79fff271b1e4391d9d8b9464648f7617fcc8fe7ec4efc8bea96de30f2347d5d47b378a4dfb60d821d896ddd5877370c35917e7f6b4a1dfa8f874bb0bdbbad326997fa9ea7f2cee9f600b9717bf00e7118eab0d0a656e6473747265616d0d0a656e646f626a0d0a33362030206f626a0d0a3c3c2f46696c7465722f466c6174654465636f64652f4c656e677468203334393e3e0d0a73747265616d0d0a789c7d924d6f83300c86effc8a1cbb43454843db490809582b71d887c6769a76a089e9904688023df0ef97c4a8ed3a6991207aedc71f608745f950aa7624e18be9450523695a250d0cfdc908200738b62a8862225b31cecabf4557eb20b4c1d5348cd095aae9832421e1ab750ea399c82293fd01ee82f0d94830ad3a92c57b51595d9db4fe860ed4486890a6444263133dd6faa9ee80843e6c594aeb6fc76969632ec4dba48130af236c46f412065d0b30b53a4290507b5292eced490350f2c63f471d1af1551b4faf2c4d29a39e9eed67ea9234f7182d90dece34fad99fa47bc48ad4a92842b5fbbf4476efb12c4bc987bbb1629ea79fd7b5f84d2db6da398e47dcd5629ca1daa2e2a832546b54c5751ff16d1f8c6f1dc6f89c77e76363ea8db1ff14ced668ccbc718de48a7ae306c90d36c291dcc468bc4763feebf7b929b9653aaf80381963a7ef37ce8fdd0dbc55705e4add6b17e59e1f289acbd50d0a656e6473747265616d0d0a656e646f626a0d0a33372030206f626a0d0a3c3c2f46696c7465722f466c6174654465636f64652f4c656e6774682034323538362f4c656e677468312039353838383e3e0d0a73747265616d0d0a789cec7d0b7cd4c5b5ff9999df6f1f4936d98424bbc902bb9bcd86c026ec12088f10c9e62910900801b32826218497608201148b12ab545d54f0517cd40ad6a254b4fcb2115cc0d6e8ad6d7d556c7d54eb15bca2b52a955aa43e207bbff3db80d0dafbf7fedbffc7defbdf33397366e69c9939737e67ce6f6637046244948a4ca14d3366f94b6c1d4dab89d862b4b6b42d6fedfc63eef8cf89aa1b88f8d4b6d52b5d4316f057899a6f20b25eb3b073d1f2e521c72ca2dabb8992428b96ad59f8b3778db710755a896ecc5bdcdebae0e89ed76ec4581f02c72e46c3a0e9d96d183f1ff5fcc5cb575e367476c635a8ff92a8f2ba651d6dadea8f8b0a894e8c01fbe8f2d6cb3a7352ad51f02743deb5bc7d65abd8aab6126bb846ea7771ebf2f6cded17f713cb439f91659d1d5d2b63f9b400fc0552bef392f6cede925b6e269af12951daad24d76a4c79fe9aa9731636a7957f62ca3191841fbc3de44949dffcf502cf172b4fdc60bdd0742eaa665d5e02a8d1dd5f4be759e98b959ffdda7ae129ce00a4d6cb968c35742d59e97c12c44183f41d22f50f9897832b4429db442a99d4bbd4d118d21ba7622b2de4194ce5dc205445e542394823637d74d9f9ba0680c6e9d52e8ce58a1d576fe8af63a38d6eb62f482c168ba1f76dea34b952ca324c6083a5343f890fd2215143ebe92b00bc46e0c85375a28b519f057a339f00edff89a0cea1a95f47ce3884f274f95fd064a52b5e3e09cadb34e9ebcea750ec2349c58d346580d6294435a0d3be5e7faac5189fc9326c62f92fe452beae4e0988036c1694f88f8ec3e6f4eff827a8938004242001ffab01ef53ef37adc3ff4b505751ee19f581f5e2dca1d3d3cf159227cf16f24c22cf14ea83946b98193f17489e3a3af6f9ff693e79ae5032e81cf10b0a88c9e44439579e2dd46bc92686935d994c23258ab781fd94a25ae375fd5ca1d3d867f24c22d6518a3c43a87e3a4f8eabf30c34d430fccb7399da42c5e27e8cd3410ef573947f2ccf7ca7e9d24175ffa8fd12f0af016c7b6cef37adc3d705d5f13f47d70424200109f82681516caf0968a544dc4c40021290800424200109484002129080042420010948c0ff0e5026d31bdfb40e09484002129080042400efe42768e137ad430212f03f0dd85ddfb40609484002129080ffdf41c9a324f10c652b67d314e587942b6ea3d253bc1f92fdafe5d5dcf8ef3f2bdd34456ca724bd3c94b22515af92ff6fc6cf88cb24e05f1f4473fc39fe77e0ab7c44594dc3fe113d9411f17f6bf7b564a5ff3e4276e9c3527fa58652a40fab8fa3bd888649fd740ca11ca424e9bf7abd5bf777bbf461e9fbd277950b69e849dd7599d14486ee2fd7a76e823ce6827ee58616d0a1ffc82a1390800424200109484002fe2e88011c1cff2b11ac0635a6d71556085a474152c98073f9709cbfab693a35502335532bb553275d426b682beda087699fd8aa642a76255719ace42bc3941a65b232436934045d6697df559397e57d4efff7802e2aa4227d9c1903e3b451c7df1967a852a004943aa5feafc789bdfd77535bac1ff851ffc2fe117f93861fd73ef8d507db0f5efae6fdef9cf5d77f15e3ff1e9881befce31b9cc7ffa4c5190230b1a2eac5e414a2346b7ac6570c5370aa14a0121c0e69dc97bc2aaaa1bab3279faacf9c45b3e3a50bfe61f54f871f3df8377f5063dfd7ec1a3c6ffdcaae4b5674765cbc7cd9454b972c5eb4b07dfebcd98d33ce09564c3aab7c62d984f1e3c6968e195d322ae01f595ce41b31bc70588137df93e77639870e19ecc8cdb1dbb2330765a45bd3522d29c9496693d1a02a82332aaaf5d4b5b8b482164d29f04c9e5c2ceb9e5634b49ed6d0a2b9d05477a68ce66ad1c55c674a0621b9f0af248371c9e0294966759553797191abd6e3d29eaff1b8a26ceeb94d28df58e309b9b4c37a79ba5edea4972d28bbdde8e0aab52fae7169acc555abd5ad5e1cae6da9c1703dc949d59eeaf6a4e222ea494a46311925cde6e9ec61b6494c2f705b6d590f2793054a69b99e9a5a2dc7532335d084b7b67581d6706e536d8dc3ed0e151769acbacd335f234f9596e6d345a85a9f4633546b467d1ad712b91adae0ea29ea0bdf10b5d2fc165fca02cf82d60b9a34d11a9273a4fb306f8d66bbfc90fdcb2a06cfa86ebaf674ae43846bed4b5cb21a0e5febd2b69edb743ad72df350086368dc5bd712aec3c437c084f5b35c988baf0f35696c3d2674c975c835c557d7eea9952d2d4b5d9ad953e5591c5eda8207931bd668e61a77243737b8277690726b5de1c6268f5bab707842ad35837b32293c734d6f4ed0957326a7b8a8c79a1e376b4f6ada4021c5727aa1fd144f2fe9e2b2543ff3945d99d4c83305eea0b9da5cd0a4c983358d9759fb780ab78d871820c4d04b5b80e7b1443357b784ad6568b7cafe9aeab57a5ce14f08cfdf73f8c3335b5a075a0c5eeb27248bd24b4e391af827cb9acfa78d18211dc4588d270a1d27e9f5d2e2a2d551ae793aad2e10988f1a60dbd650991fc677bbe5e3dd100dd27c54b4ee739be27517cd774428e8f78534de22397d273959b325a7fb24e754f7160ffcf8113da66569a682533f69d6ec41b58bcb3496fd5fb0dbe3fcfa599efa73e736b96ac32d03b6ad6f3ca316e78f3fc51b28b1380306d7142f2c35c503d79b39b74936e047f5d6796a97b44cc656838edaa0ea26e1e0a178893b843e14fcf7825323cb4a538a1c4bf11a74ff5f10359ae0c07a0b73d569d696c9f13c94e4767fcd4ed1d811d94b275f761b589356e63bb33ef18cfa19eaa5840514560a787de3dc7038e90c5e1d8255385ce771d5855bc2add158f77c8fcbea09ef114da229dc59db72f2f147637b3738b4ba1b4258c46256565ce4919c7078410f096f63931674f430bd30ae7a43489be10b79b4f93e8fdbd3d48e497aca28c5ddd8528d12a7aa1e0fbbeedc9e20bb6ed6dca63d56bcadaf6b6c8a70c6ab5baa423df9e035ed7121d4ebad5cb6ca465971c90ad533eca50837e9f28e3d41a26e9dabe80d7abd2dca486f339d6c63d416e5f1366b7ca2027da220dea36d5125ce099e9456d0668ab775c7a50b07a44de05825672fe1ad413a330e3da834360593c605cb82138393780587456453042d7b213b9151ef2456c11c3d1873a6de1c65dd3d13838e3dfa48330724bb2129dbba4fb541732976da40982fbef0d95fae60f6dca6de4984f1f51c12551264bc8412a7ef043dbcc85da0c7d236bcc01682ca2ddce2c1aef64cede1e7f874ca741a9eeaa95d000989784394422bb76b41484a79a477c827fc7785d8694232eee98387ad134fd6d8400d15fc84b5456756179faad649c40bd53b32be41e0cfba6fbab5a50e6d59c8774aa455eb9eef0ac389cba42797e99dcf96d8828d7db6d6ddd62af738367d9b070d53d1e06a9aef708730a07caf84e56bbead15dd948253336917fbce1812cecf1a3135f7cae568dd0dae9690ab059b859ddb848dead25450d742bceb3dad728334c4d7d3805805d21a9e85be84071172684644ac85aded1eb9bd35f960e3d68fc7a6a91acd6ad2c8110e7bc21a838ade3a0863f802cd50304512fc74fa3cadedf218b2509e42dae36f48a8ab5b478ee6a8f5b84310e15edd96301c3c6abeccdac2f29033afc5074ba48733c2ae096178f63c6c4aa5a06d4e0b36b0cbeaaa73e98fbad5811a8c3045d64218282e68f64a41f4d77f0ab4e5be9e7946ef972dfa4f872f2e6cd247d5df795ac34911a3fe83c20a9fc66de3c1948b67321ec7a3b3349eea9d02f306e1550ed9dba5f1c6814819ef3f4576759c7c60f16e68d1b7a6fe3a45ecf1b2eb1a4edff2176883ea679eef80618bf19aa94ca246f1117f98869053fc511ca672d0c311c31067547cd82b46382b2ab3c4216a117fa02de21d3a0054c88a162b4a15c04e94634035d627deeaadad2d0946417d23751a291c5eb2473222b9834b7e22dee20fd13072a2e14024dba173de8c54550d14c68e8f177a4714971ca84c126fd247402ede140770b3d17bf5168e2c39526941031357521a63e4a4ade2df4903720a8ad77bf30b4ab63c2e9e03ff19f1342dd0bb3d1db1a49760c05f88472903cbdb2d760d7076f5a6a697506597b811b1b20ff97ee041e011a0421de2015a07dc08dc0954280db913e807ce902d6287d8013db7a17f1a723fb003b811a8c0b20fa2fd22998bed62296e7a4e7183b88db24037885b75fa43d05cd01fa07d28e8bda84bba65a0fe3d50c9bf6ba0fd4ed4b341ef18a0b7a3dd01ba197549bf3b505f2d56e9fd560ed0ada22b32d469ad1c0abe0b18000a946e43e93698ee36793d41cec4d562993e530f6809e8f23885b9ae88b83dfa33baa2d79653b21526bd02a6bf0296bb0296bb8214b0d69e94591b9729166b21b316326b21b3165609882eccd725ef72c8ad401750c0ee5db0bb6cd790f701f7ebedd720df04dc2a6be252d87138b4ba5e2c8d143ae1648b7a27044b2af689853075502ceccd1952b2f1cb9a39493a2268ea004d93b2ed3ab7bdd79c225bdb7b7387c429a42eaa4c156df42d20a74ce4f9c031c01aa022da22f97ee75e710e2d375130d5b98eaf13eb9475aa12a861198f8b126a30115c32431453b989763b9bcbd9b8f55b2bd78bf9fa4d753e563b1f3b663ed6331f9638229ad1ee1217029b6197662875a1fcf378c8e5b73a56e07e940f82aaa8a5412e0d7269684d436b1a5a09b9e434005b809d035cc329cec93e52fe88e40087819b8ad654acf220f223b2049c8a9a05350b6a1648ede7c7a1a115b90bd800147adb41a0bc8e1f3fc50b0cf05b80069d7f449739c90bcabefc78b06858df70a60d675b87b34dc359b0bca2b22498872c232363fdc6693ba73d3eed85694af3b48e69eba68971d1585f6fc41728d1699e57d25d919cdc9271699513f94e68d68c7c0bf000509013b91f5801ec002a7c277227a29b1f58019c016c06aae8f1b0dcb3c89d033cd9be45e7c992e4f333f8026b782852367a46e574c4b166e016a0c0d80f81ff902e1d2fedd4db35e407f5f61903f25bf57627f2937d84de47c68eb903b91358016c067602557a419c87b87b9e1c1fb913d809dc0954c45ca4f3c479fc61a487f843a228681995e5a46cf97d6046bac95a69e52978a816b65dcfefd0f3ebf5bc42cff383a9532dc7a65a7e3ad5f29da9966128f042aa04e3363d7707932b2d8f545a66545a86575a309a8ddc64e1597a6e9039fb40cfcfd1f3a260a6dbf299dbf267b7e54f6ecbf7dd96156ecb596ed96f30b6858567ea79b2ccd9663d9faae705c164a7e5e74ecb794ecb38a7a5d2c2ee61989daaf47ca89e3b64ce3e7e24ad268dccfbd8c754839158a47cb8136f749db058a4bc12a43f527e36c88948f93d209f47ca6f753ec63e63fadb821d8be41f725666b1a36c8a22eb7f1ea07f62536807e811d045a0f75339f382fe30527e9594bf0ffdef42fd07946792f2f75283de6f0b9ba2b77f7fa0dfdd91a2f998f57b91a23598f52e2ad267bd3d527408adb7468aae07b92552b40c6463c42b155c1a291fe1ac4c678b289f4bd936f272a9c9b481192763e465a067c73bd7468a64af1a39419455473ca34086492d1f631e6ad0a773463cfa228790471f62307974a51de4d5692a4bd395b7509e4e4d11cf5518c5f088f790f32fe5fbe4c2e9139616b9c7f9f66358df1c54ff834d89ec70beb8479a2be27ca128cabcbb9dbff2ec733e951f657322cebea2a8098cc78ba29ced72f6c0c81a6439dbeddc59b4c8f9b047e76ef3808b47bda5bcd8f93dcf5ce79d5ed423ceab8a1e936ad072ac780ed8a1a249ce69e53b9c75de28033b588ec98249ce32cf25ce09681e1f65537a773847e547a52a018cb163b77304662cf04095479ca5b3678fdbcb4bc9c856058b8c2b8df38d738ce71a271a471b8b8d2ee310e36063a629c36435a59a524c492693c960524cdc44a6cc68ec60d0273f53cc34582531283257f4b295cb5c7efc28af2dccc4b17bb441a29ed7cfaa625a463dd5375669e37cf551636ca636de57af991ace6fea61eca6106a1abf0e77b3c626b8a86c5aef909f03ed21c6fceb6f7448ba76fd8da110abd7fadaa87ebe4b3b360b2b49c27d56f554d9297b7585bd226352fa84ba9aafc85a0672df9760f79d0ef62155dae6fa594d91d2071f1c5215d24af4722c8672bd76b6fc20690f5fc13b6a6bf6f04e49424d7bd8e57c45ed4cd9ce2eaf099d12a33cde09312a97448af5529e14a33cd6ab8b4dd3c5e0af79b5353d797971a127d91429043f7a52175a141f2b1f5360ac064920c68752be3e563e1f2ac5e018f1c1d24e1f2c85589a3e585a0ae9830d96423d5e2f448abc52a4679c17023dde713a7bc7976c8f37ae4e88bcfa3c5e16d2e761ec4b99c2b80c9c6140869b20e3fb67427bd57f4398f5b6beb1a04d7e9cd7e2a96d07b6681b562fb6cbab9eab67c11b039ff315b4cc6f5b2c292e3b6f78da6bb4059e1a574f6bdb57b0db24bbd553d3436db58d4d3d6dc1f69a486bb0b5d6d35a13eabd7f5d75fd19735d7f6aaeea755f31d83a3958b59cebfefaaf60d74bf6fd72ae7a3957bd9cebfee0fdfa5cf533ab587d43538f89aa42d517c4692f4f4ec2b668c1fdb02adbda3949df2313ddf62b1d7b15c2fb2bd917d2523c559a052859c595c59592854d2a59a9f203db0196fdca896ec75eb67d80654573baa78a7c64af5d5273eaa7abab6b6597cc56adf2215fb9caae37aec4e675cfaad7eae4e74be55a79ad166ca90931f93c20d8141cdbec69f63617366f533a3c1dde8ec28e6dca0ccf0cef8cc219db940a4f85b7a2b0629be2f7f8bdfe42ff36c5e9717a9d85ce6dca2a1d42d54d41ebe3e52f94f38ef275e51bcbb794ef2c57e3cd198fe7bd90c79bf33af2d6e56dccdb92b733cf20191734ed0e966fc9fb284fac8227b29580da1a5ddd55a0f891d595abe442baa05d7e8bb9d3dc6d1656b3cb1c3007cd0d66b543ac131b85700abfa8103344b350718c8a18cb468304eb0c65a337256f4dd692fb92f727ab9aa1cfb0df70d070c4a0ba0c0143d0d0606831741aba0d9b0c5b0de64d864d46de92dc99dc9d2cacc9aee4407230b92159751a19616d5d4069a355ab1c41abd150e34c4eaa710a5ee3349b6a9cd27c21df2a5f7553651eb5e17c2cff127a310d027a80a381b3802afd1bf2df00df06fe19a8d0d5c86f05de07ec952da25814d7da97d4481b847c3292da45496fa0b4647c14b475619cce9a1ba7b5e7c4697965891d3452313aa9320d4775467b913f037c1df83ef073a02a4a44893ef8aaf81e0c7551978f615984ca4a9975f956321f0a4cfaceca2e9f8f24caed0a7f82a88f9db98b8975ada2ae2e82778140486fed92dd56497a12c0205d5ebd89489d464ee060fd5647b1b7808780eff54f8d1d572f224fffd2d8413108afa3870790c84b9b690be5d311368a9ea43ebca0eec719ae816ea3b3e905da49a9b4863d0b7b7a7074da8ef8e7c4ebac8e6c4ca53be935ba802ea177e8206edaf5f426cbc038b5d4891be684d81f90d7d375b13d904aa26afa31ed65cbd82cfd3bcbc9bc08b6f0d2c6581fd9a830f67cecb7a87d9fde61f9b11e9a8cd2bb948e7bc43aba1957efa5f44cec3834cda7f9f4005bcbfe8043630b6d50c628e1d845349176d1cbac1ea5e9b446fdad79178e3d37d37dccc6fa620762bfa79fe290d08e91be4dd741e308f5f191a25add4a2e2aa0b3e81cfd7bd36fd16b6c101b2582b161b1aad89d687d803ee63efe7361841e3e9a42cd7423dd0b6bbc428770c64966a538baed407a91fd51fd2d74aba75574397543f3fbd1f721dac346b151dc86832fc70a87d36cf036d236ccdf4bfb593d0bb13ef684d8a606fa2b6299b1acd8ef63311a414dd0700b3d81398eb200643083c8132b95a1ca4ab5e4c45558e102ba9bf6d38bd0e34dd8fd13fa948d407a8b5fc9d7c5ce8b6d8fbd035d4c38148da773692e75d06aba947e80a7fa24fd8cfec4bee06648bea03ca55eae1e89dd02db165015749f01e959187b039e5284a248af6095e9cc85558c67e7b0996c11dbc836b3287b8dbdc60ddc8d57fffb4213cf8a3794b1aa1a2bc348d9f2f60f2f398f16e3095c096bdf82f56ea7a7e86996c50a583156f40afa1fe313790dd27dfc05fea6582f362ac7d5eff41fecffa0ff8b58988cf0b2b3618755f420acf011cb860ec3d952d6c5de86e69bf8232255588547948a4ad12842e23a719bf8a5f8957289b243795d9da2b6aa3b8cadfd17f7bf18ab8f5da31fbb0cd06b1815d1181a07ff59086fba08fa75eadf95afa5ab284c37c15f6ed1bfed8ed2e3f434bd4cff4e1fe209107343e725987d39bc6e3dbb09e94ef6107b823dc59e666fb16332f13ca4423e9657f06a5ec717f1f548b7f1fdfc15fe9e182cda1045bb91ee11bbc56b78eb284a4c2d419aac6e501f303c6b2c344e36ce373d77fcf08911274227deeca7fedcfef3fb37f73fd1fffbd89cd81ae8efa5621a094daf859677c207b7213d084fdc4d3fa7e7e8555dd78f19672a3cdece3cf086223cb50a76368e4e53d874762ed26ca4f3d85ca456369f2d465ac7bad9b7d9d5ec1a7623fbae9eeec0dab6b11fb1dd488fb2bd482fb303ec5df63efb98c389b980377bf930eee713b0d26a7e369fc167222de21d489dfc12be1a4fe801decbf7f057c420e145bc6d152bc49de2c7e249f192f84ce14a91e257ca9539ca22e56ae505e545e5b7ca17aa53ad5517abf7a84f1a1c863186d986a5863b0c3b0def198e1b0dc6069cc2d71a5f32c64c5e44ab5f60ddbbcef88adb6f788175a999ca65fc00f6855d74aad7b2d9b09881378a65e226f16b75213b225cec7516164bc445b1fb441dff5474b039fc7196279c6a99584837508cede06ff1a3fcf74a166be47f6085cacdec51de21aa715505a8bf51b294abd5f770807f95caf815ac8f3f25ae1657c77e4265ea3dec807a0f7f915cca413e880e60575fcb6f47a75ff1257c03352963d42f6809ecfe23f532d87b12bf8e8d102f29f7d03bc2c3ff8c6be366448de7d954259f5fc827b01d88b827d8503acc565027fb2e05d93ef6ef2c8aa3fe76f1009bc653f0b4346e61e3709b785eb8d94b228942524756c0b358033fc2678bc70cfb4529ee73fbe9d77439132c00df3909fd743176c06d7c18625a2da2c96f5809d9e976c4fba3fd8fc988adfe56dd003fbb5714d14c0ad03cfe2c95616fbc83d444dfa112da0b1fbc8e02fc0e5a1beb660b10f7a7237e72c28594fc2c19d1d206ddd6e17d91cdf3100b9b31eba788ffcf20ead7b33fd2a5cc859dd547858ae4dca0d42232b520fe6e405a40f350bb9b6e31ec527f4333988d4871f5df032f7f832ec43be76dcc9f4be5d06f2eddab14416b1722f30af4b8bb7f3205f5ff31e559c6e90ae83c09fbbc41998cc8bb39b6142b5c8277d434bc139fa625b1dba91acf6e66ecead8066a8edd1bbb0057f059b1ed88bfab63111a4bd7aa213e47f5296310639f663fc3fbe8776c03e2f6647a1df1c8cbecf43ed28fa1ff24751f859557113b2b6237c45ea62cd8230f169a8fb7e8215a4e7f84dd268b3e1add7f0eef89d5894ebca10ed0b9b107624e96448b63cb10791fa36d4615b1a79b86aadbe0bb1b94853c007d875336f3a3f502758b7855fc49e9fc9abff691800424200109484002fe95201bc986f3961da71807eeb0c371e218819b893cdffb71b61983b3c738dcdc26e0fc3211e79cb3708aa9c2b9a70ea78969faefe7cec04943fea2e97938f55d80340fe942fd777617e014b60837af254817e194d78173d16afdf67729ce4357e244d68dbbceb77142ba16298cdbec4db8f76fc6c9e8769c9fb6e28e781f4e6b0fe194d38b9b4594f6d04f71177a42bf373e859bc62f70827b869ec559ec39fa15ee9fbfa6dfe0eef13afd0e67b337e9004e5707713e7b97b8fc7fe4d4c1f20b46dce59669eb7d4d3d9cede33fc53dccc81f8f90aa44f94f1f11946494855d8c724c06f571f03909369cccec227621d97dd663e527cacfb11e2d9f7ea29c2a50b61e47362ae0e821256a7cb57719312368cf324676bfcfef0b8c0ab9d3dde95e646cb042c75da2ef7850a52f7030ef93bfff7b287688fd5cbd885260fd6ba456fbf8839443e6585fd03c76fc180a062bc798e4275b9943dd6392723f4d5d349682234ac73c408f624d5131e5518b5158828392512e0d5a8892146b307b4c5250f934c77aecf0d1c3e91913fc87a9e27085f5dd5101b642ff44c6c7ea6a1c41b3651063c64166a3207b4505c4d247435be61105a563c68e2ec9ceca340a991b3c79b2852d2e683254fbfd95cac5232b2b4702d92231a234b762dab47abbef78a0b258361757ca55adc72de231acca028f8ac8553d1acdf965ce5f52444a34f669afc73b46a7c581312c1a7baf17cba168ec97c12128e4d891e58e47f69714664cb1a5f0a4c1ebb1680b4ef28dbd46919b0a1ac91484e53e62b12429a972ddd9b9b9b6f4a4e5cabfd996533a4b5fef187c9b7be9e5769fefd8bc13c7e22618b0c389f20af9b87c6cc5bc810fa52f71eca2d4a031535a6174eef325d20662d86936709f6e101e1c9bcdc78ff44d1834a17ffeb8ecd2e2a2b2dcb1c2c3f2d7e4e45494958d9addd6ff3b56787951b06ce2a86137f5bf266ffa8dfd53f95af5261a44f5d21641cfe6f407d2f97752ae4fe7497798d3e90e3608779324f3f6d4bc0603337467365e281d6ddee113e5e5d672f9ec0e8fc29d87cd73f4b24190c7d3924a66150c2be0a5561a976530f0ac4cdb50ced7dedebee96e5672ec5bf79ce3ce9d7a457f8777dac29b59f8253696c52e1e51f361ffe6a75ed9197ee02ea9d548683547d76aaaae55fe70658469b22aa04e3ad41a84cb9d39092ac53f381586eeaca61ffead5a5229f3207652a941a5d9b6ec8c2c2b194bc78ecd281d336c241f7947fbc6bbfb5ff8cbb7b64c77e7d4af55178ca85f784bffa52ff73fd3cf2ef6d67ec02e7aea652d7cbfaed3c5fd3bd81df44b44a3e5ba4ec3423c64fb59b630db5a72f6e7083323a3a2a49932687746302559294bcb7266756789ac281b114c76a635a7f1b41cfbdd50133b74def413f3a4e31fca98c0d2336c13a4ae6c85e351983a25232325593e6eb8bc7fb4aef6d8b150b6c093671cf076fd711b2e5eb4c26c34267b33324795d58fad5ab4b17f4751dec686411673a6b96cf4a8baaee6453d52ef59ac9b37711b624ba3aeb78babdd43168c5da732a6fffe87206e650dac856d625bd97e666051366617752b8d73a5454fcc93f6f41f462e95f4219688a829b76719c91822d57367b96771f5c417dc763b66bb1931a30311309926eab30da6a0215904cdc1b25273b0a2b4d9ccb698779ab9797d8adc03d6632b2ef1f9a42510a52264d0178e41bda7ef6df207f52dfda49e8ff407e5aa44ec109f040f11d4a6cf6326f55927e20f43ac1916b47091c939968638948cdde90c66ba4440b4884eb1551c1406b18f3dcc9f55a2aca3e780d4e2f051f938ca2bcaaf5547faaeb0fe0c9bd0d1cb93d17fc09f9987f149fd590dec03f5a6cfe7a8f2778da6c6de52d31047f2597ca555e6a17ee6e77ee1776e4ebb73e87d69f765ec4e7b3423d9349465dbd815e25b599765df28c2d9df179b731f12fb843945a42a7cc8641112aadf644dcf77405175177730b61711a47eb7eb2eb570b060517e6057ba4fb3326b5454eeda68d962e196a8f007fd9966f9fb0c8c95581fda99ce9ce915e93c3d3758c00acce52e3b4bb33beddc9e62b1f0d9f629de056dbadff9e65d32fdf039d679c72e5931fdf0d11532e6ac383aefe8bb15873f3c7a98591192ad4f8f0a54af09bab21c8614a337b720b920db6b70988b29250b9929472d6649364b31d1a9cfdeafba0af18a2e5931cf114c75b9065bad8339cf1c9c2f06ab51e3078f2c1b2c322d51e3279165996618d38724a35dbafe232d3bc85300d7964122237b74c9d8713683e271c91097913fbac486a67163c7292f3a9d93debdf7dad7af587df88e6b9e59e35cd87f645fffce3de1ddace227b76e1c91e1c8cc4d562fea1ffdc2eeebfb5f3a10edff78d38aed99bbb67fbef7f8b3ac71dfe4ec418e009e581e91e163751a05b8a23fb1f7d2ec2c954cb6d41c4b61daf0b4114ac09871163bcb1fb277b0c5f6e5fe35f6dbd95dfe67edafdbdf631fd82d163b966e08d405c458fbd8c0d976911d18662f0808835d0dd86cc247c3519b4865b609f6d29cd24045c98c92c57439adb6afc9591908d3f5f6f5813be9f6c08fe8fec0d612ade439dbd3f6be92376cafd9f7971cb6bd6f7f3fe760c931fadcf6978077329b62abf3cf6521db1cff52db65393fb73f1578c5fe4ae01dfb3b81d434a7c3ecce73391db9eebc914e47a13b8f3b1d26b7c7ea7464bb3d6ea76398db63b3dbf38865923d87588edd1ee54f072705fc9901bb2de0b7c34ba1bb2d3727c7c6cd2613512030acd014381f9b25c73f32cfe5726f756bee3ef77ef741b7c17d4fb08495302e87b058d35c69e97c76da3da35adf88fb933c6a4c873fcd9385723cd27e6c23c40a992af4dc860837e15ad3489f8a7d056ad70b03df9bcb90326f058056ccabbea029e8f05b33532a583cb34eb0dbd327d8ad1913c8649f608bc6f6efb24db0053227305ffc4b206088e138e708a630bb5f9873b2393c747054fc47d0bc2c871bbcc3853909b5de658566938c2c3e5b09fcaf42465c79f6f94fc2be05be8deacafbde3ba37948b2347abfa519c9926c8f6c39926c47b689079c97f3344d421ea0c4050a69e312db40485292984280242dc9f601b4bb25a14b531e4b93382f03ddc5dd060ab4d966fb511ae852d27e690b05b7e1474a79c4f277ee951c52fafd7e6b45f7319a91eedcf33fe7fccfbd470a76b80160798fd64251d6e200239b4ab468186b1e6a6c3d9f7a1973b327ce8792bdcde5bae6ab6abd6edb7c30adf81d7c160f6797d77ac3c9deecc458f3f28477e2affcad17366c89352493057588dbb0aa2e924e7efc6b9e752fecbcf8c2ce8f7781059e0b766423635921f40b86cb690f381f151f333fa6f0b7e14de23df85e91ef966aea10e7a913647f27dd5d04e2a770d4a4199c89eb89501216ec6a51234684441c9d744792d8e518d8d99e7055f5a9e62f5406817540a3ea2041d17338644f5a52c1942b65b33a1a5108fb1bb15b8496d7042dc55cd38803040aa7e469443e1e0ac64ca676d2ee0001824f00151f3fd28f38c1034a3fd22f54759d2ab88a1c0ad268d9d6ea8369752854ab9d0e0518c23896f09de5cde5b7cb6f96effc9f67ff76eca61df77df1f0b31feeb809b4797df9e5f24fcb6bf17db81377ffec50cf3d8f967f583e72f85edc802fc7d73c712fcc1d6834afd3fd3b94c187e8dc3d45ff2767e3ebed2dd9a65bfdb7846e09df5e37d0f4cdb0b8c97fbcf6e9ba5f877e1d7ead5608a495a6ba5431594c77d43537ad4a7f3e3dd034dc64791ee160b83e3c3ffcabc0af43a647ebf04bb5affa5eab7d357dbaeeed5a216c242275928daa5a1cc742a2960045f468091451330d91baaec4e2044924444f439dd7eb2192084420a8049b83467020680af6345111cde86a414dd8683ad844f6368d359d6ae29a325870b9c8326cb5db6949cd358edb6d564521cb6ceca02d480fda1e6a6c1ac5b71dd63e0be2d4179d87a9079563a5520227fa7e6921dd9d4d718d6f855835be9239348591cbd2b8b358741699c681d0c3b5f5beb03f5997aaf7a5f2b8360c453ad090c7c950223f65d8efb803f52cdd6428d1b8164b74f0f1a8da01528c214c951a548f59fdc1213c44c91fd082486254fcd3d1fe4844f2348c8aef8ef47bdca07a47fb3dc424c9d01ae997a80eeaa0813a8c8841e31ff52f01fa97f3569d7fda4b3d424b813a08113f124e2d2c4c3c93bf2ae90ea517e6f1bbc77eb1e7d72f4c1bbabce53391b50fccbd6b69be977ca97ceb702c934c4e8fddc2f5d3d6fc91cdfb4fd9e698cd0f0faf7860be8b328719809983143338cab4ad7d155e4556455645d7e175645d645d54ca6a5dda62ed41d303a1474dfb4322c191a8371652b4b81c0bd9b584e84fa01851ec92364ac60c978c7564f86c5d4e3bc0b0171d403c1a257546509299646526449949568efbbc313d4aa160a357a0a8125d13dd17e5a34f933ae49d7cc7b050b97b99c4bdf0ee87d5eb4b949fe8faf912156f74726cc4d242df60c4622fd06dfeb34a2743017d1d4890616981e7d44b7f601098e804912a2f52cfceace531128d2a52cc3f2a9e3fda1f23358a83894799124f0ec493afba666a11139f1213b58d829870f10fdb531657ecc6a5cf86528bb3133fa246f15fd7d415e68929c5b4a0fc9f4b6bdbdb3e3e3f65ed78abcdd57f0d9e81f0e45fcab37967f9dbc0dd5a2a3a4b286543760eb59a08be919f3317eef9af9d10c85688e121703fe27bd5b0950e4c6bd178e7c7aff389f2eca560057a26c7b91ddc0194439771bb2ad133fbaa8cda65d089ec32a81c3c21b12929592c645992c92289acf9d1c97386c5e924cbf25e7a0af47f73840a001ae70d0f955b9e9d9b2f8aac161b991aab325cd2944751be3ed35cb01a32bca9d5884468e9809720807cd988d293ac567e9b1ffbd9513f3bc3af24a3626786074add357e42d74b5417e0ef64760214b5f8b27e1267a1c36cebd8d8ebba7e4279f924d0513d64acb78477e68973492b76aab1e270d7a3f23133e7d49d5bd096fcdd689765578b10717adb95aee12e5e0e2f302d1066a9b3e20bda8dae1d11c96c135514efc1f3cd3d969e96f96ddded3d972db7dc68d92edf65becb625feabdd34b625d6bba489f944785cea6fac6c23338044ec93a39764c2e5aeb2c452bf332ed2d8ab5d74a0c28faac9ccaaa0d56dedae91f9d3c6dd45b8a8bfd6bfcebfd5cd6bf0df8e7d618f056b8e3e64ea393c06d0f340e3792c61698b7516eb6e1e02d4d638db8b12f89f235566ba100137f0124202ccb3f43933451927ea2ad8892b1e470724f923792e792643889930a3d29f90ce94622f28036c48a1067dd684443d9e234d1b01555b1571c163945c4e744dc2b62b17b46f74d153f383834a403f91dd795099d5a4ed09f2a6181f81110777ee26c49191fec1a1f9a280dea8e223d47d7b38704f65d2bce8a51692535aa545ccc9ace69e908274caeb6e9add389204b668908c0cfe24468b114c1ed455c61e474d96335611c4f74988a61345d2aa8b8a56071869530b6c5a168173ac3d4af52d38a7528e09fded0d0700790eb210cec080f829ded5e31d2e5c425e03c3a1a02ba74641adc2920f2cc88c2aa63b6629b0af73e3af9e6889556670c8ba5e8572d451f3cc314ed414bd10ca26caba3b5196a33d432d472117d2a236e25dc67e8a8dfcf47ad8551f1cda3fd566b735481d6917e9067fda85473a4bfd9c2778e4af2483f6fa9927b66dba9cba1519c508d58db5a5bdbc08c3352e5735f8c627d108f03c9f25648be87997c075c2378dc7088ccf96a6deb656bbe14adffe93bcb97742553249b4a660feeddbca823ec34fbec8ad5d33970c3b476fc4066f1ccaba62fb8eb8b8ec097bfd03d6de6c6ab6a77dc108f67da9b7285c6abf6d4c7aed0b7975fbcb3c32dd6744ebf7fe6d771a93390e92bce5d43bdc1ecc9b3dc3cb01d1a8953cb3122f178ca7a90a0c0dcb0c02cb8c02c80e04dda65b14f1bd0884633e4a9d9d0807ebd7cc4e526cba0f1d2316a4f22d3385070505ebdd475621c53753e79825a3267822ad1cd0d8d0594e8ae29b5fa6a969b48d8b5945f625a222c1557845684c51b4d1b4cc368583b127a4e3da59e41bf37c96d780ebecabf2cbc26d1e7ef0b6ff00f85773aef73ed71ecf1efc78f900389c3f847f827e24f026f4967c37f52cf63bf40e639973b77c576a9c3897309d1a1e21f4e9e412a3c630017144154fd9a150df769c31a419aa2a95aaf46ef6bcf25ecff9c56a3dd1079c38eed3ff12665116eeff488bb482b63bab3083769d17e16b3e2c5d6dd5662cd2aa81919a80f0da03de8201a4367904c0f10f4f8cdc13b83a43788f7067170145b0de739012341112acb3726a13bdefd14f927c4f49346a6a5a1c189c1d2d9c1214a5475bd6b7c7c9029ee5967450b0df392c875919b23dcd723a08d832b410fa74f9f8ea7534a520246020a4bd50329fe6208507fcc5534413481a9db54a85e8c1d528a551abb72255d77b1db654de3642f509823fdb2c84546a5f0483f5705b5f362b02a0046494b01e5abeb13e01e2b0b330cb100626e5ef2f49dfff226c647eef9c1b44c47d4614924665c7fd9950fefb876515b015f73f4c75878e334b6ed5e98caa63c1b62d179d73efcc8c7dd4d9be8cae4ccc9b3bcc9741fd088463274891f4b650d8ac37ac1cf202855e0c8a089d488d7ccd88245a54ecb41d1a75a292c5576361cfdc0600056fdf40a35fc34f73b14a1461d7a919893464b8acb906d6499cb8d9220e64c8663dea9eb757d3c0b4f5cf546af832f1a6350a6cb2355497cc6095721d5c271f4d2f040041b913e08426216781b8b17944658e6e5a9b58611ba69adf2763b9484bea2aad9a67a760ebb39619920649ba8f5d04f3223423ff624047a7430a5d2c9ae7188dcba5e87cf078e9b9d1c3b3c674e214b15ea0abda9d097bd9dbfddb4931fce1ec88e6545233b9c2528eb6df0e8cb4ccba4a5fafda23857c46ab6cd3cc77c95f941fefb0dfbb2e258f69c4e5415a9dad3a01b16b098b33ad5c5ea6af50673bfba59dd8bf6aa8f8b4f89cf375852922b6dbddc1975cdf444d2decbc3d1c8cc185c66e1331e366bb10cce64629c25862c9a55a5cec8e9e9f30e7b0f78b998778f9778dfaeef15e8976bea9a0ab43e3ea745e86eeade5689a3c1234d0c9580aad13f606de34370cb0e5f51f9ebf805fc5754a998b709a6745e4a275352bd8a741e8a3a31a9e20653469d5a9301e65e9a4ef58112743c44179357822577a398454e8e8a6f3184674625d32708678b5c49a162999d6099aba43b9dcc57edb3cf94687134918b58273fe91e9e77ff990f7ebc69b15df507f51aec68b46bde50a3a57cae49e8bc2ebb62d6d507fbafbe71f6651f3ff71c9eb3f0b1efcc0d2a89818f5f7f784ed891187c119f9e39505cbcf685977e4591bf00acf012ee2072a30877e412e4d7495eb70759ed00556463958d99619ba7d940105936d3af0928349566728c5960da301c0e07b4902594748848544422d297e9d522b3d9709ec88f4ebec2ae80c64bc7a9d6f0d32c16666e282b03a451f4954a2506ffd7f5b1ecc9316ac02ba88f7886d13e30729cca6c1e571944e51325fa21462d85ba22aae2419143621f90917d222f7e8dff2e3fc273f4a344b835aab1290a7bb73b1685fba44db85b500f7ab750d9bcf490cd168b56b401f8e058453d4e9d84b1964e944ac0d8e95861a4542d8c80738dbf14e8437dee573853400d83eb0f17bd46b818a3a33277cf2b4831ea78620c8a75057678494353212404e415aed5de35be55feab8322e664419425abc9d323ec205f11eeb1ee54b647fe953ce13fea7a99bc6a7f4d394fdee35cce3eb14f1a80bbdb21ff487cc17e4e04ff29d6dc453899ea9300fa34af559e4de6c88b634bc952f95a324476b87604bee57a447ec43c2a1d950f9a7f42fe48ce58cf9bddd2291123f1944806694de76e0f4cda415110b7f06ed4ecf5d0a1ba9c45e71acf36cf5ecf1b1edee309fd1f1e83044f815be229ed71d1eab431d759a4737c4d085389883f93bc75a1a2dd8bd77bb779777b39ef79b77b58c2cdd21e89344bbba537244e910c09ee443a289d9104e9719b87473b28aeb88ce16cb619b65e1b876c8a4db571e76cd8464722c35cdabaa3ddf32b1a0cb472e1c460a702a4b104d538704785baaf210a297d081c08e56feb3dc0df74ba3577be040e8d2dfca3e9d3d1600977af3822d05fde195cc90827db0ca32cef2924c2a7591245abd158ac8127dd721ba92b8a958ada929150a517aabc56ed992b3d73a527b39e61938b1e25500ca88e620d3c99c9f83be6b792da0a51b4383c6854fc3dc4ef1e8b23c456721da2851f956223fd964ffce214d57309beeaea6dc5433aa9874c6a2c7e8c0bafe1ebafbf67d5f6c698e7a507bff7f6bbc7befdfcc43df8519312b8ae75c99da4e367b7dc72dd46f78edf62fceadb58fce9e3ed2b6aa71b7750bb300becc253c0ceec28421a2fb10b61b755a0deccca3c9b95d904ab42833b6b1000709e4571b461b8e8419e9dc6fb20fe53921031d0d5af0a29abc45e9f28b64c5fa7e705e9c521aa7d41decd14d36d55a84a5a15dab1f22c76a44d1e08b2b5a2a020645d81f7d395937a75892d64cc720e7bf0f7bdc7bccfe117e513915765c1f947339e2bcff22ef76cc75f9177d85f0d893123d7c233c5dc1bc3cf7b5e0c1223867ba4a9d138792a3bdd69e95acc6383c7a768d9cbf7f103fc1efe202ff0ef00a9b27419d6bd40c42e6292c6391465fafc83754be61fecbd72d5216bb4e7508ceff9ccaa15ff4e233bfa3562fa7563f0162bbb57fc1005b91ce2919bcbbda5bc15baa43baed0e5a4a935c3561c71266d29920ca7cc4921e5b0bb5514c141157b6568f94568b96a14158738283c169f8a022628fe6edd90ae1c426403481fc414fb86e35672abb0d9bcd9b6d9b9d17babffd6b0545a096c8eae0acb61c5510cc1132cc0b9431646dd284c0f21851136244a3eb6ec28593e597684e802281ae368106cb4fae234ac70b2f5a4748aa0535bd76df8f9b69f6fbe71cbcf96b4acbb62ef973fbbf5f373b8030fdd73e04b1786bfb7ebc9ad1fde7679d743b7bf50fecdbe1f9fff4a1f22931f96e7714f0316d3a848965c82c5fa0eb6be903337d0ca2c50a899fdae0052b97a974491e952d9f20250b18f8e5439d985238c925190d5305ac6d5e94ede2604293bf30125b3f803fea6a4ad75a520a6d982363228614318d00b9cac6b3c3b9ecd2ae3e3742dbb42d0c0478d29cf9f504e64ff8ea13d857293178e52a0e6cc14b38c6699cd1ded303a866b17a1aeca056379ff08e364a3937f36428ca9a970569d604b231cb0c1602c7434740014095dcaeb2769088c2f7aa65355d7a453d46f3577503417951ee56a658783bf3b833b325d1df3335767bee0f842e66669936353e62ee97be25bd287724d73c78afcca427f81373a7056e2eaea9d2eb53e1ab83beeaa8ffad30994d616a7a3682671ea751cdfa4b4623a1222d23105fcb6dcb498798f99f49987cd07cc9cf96d95b828ff0aa96a2f0dd486354c039c4a5063d2fadaff733edb2b1e1c026b4d0df610dbfb1b87db1aba48b9749db329948c55b6c3b22d628d942ca4aca9e6648b985371b6068abcdcaae2699626f553db614340bc4a94741dc6a2d03a2af98ef40ba2ad6954fce3d17e9bc51708b205b780adbae0060f402c97cc7b5a5954ec718b0cb769c6bde8ba9b1722e81647859399e8721c8b36a67685090ea6e6ec5ebcf39ac17b071e9fd75a97f315e797d5405bdae55112517f121764db17975c3fe3ca6b8c15cdd95aae38f4caa6cff6dff5f2f83f6ff3d81bcb6fadce479349ecb54cbb9ebb7665b3dfb6adfcf8fa44fb8a45373cf58bc1457e2744c935608c8f03f6ebf06b97b2b306867c21e673a4798ae7b43f861d0cf20ed67708562b94316a91693f56c1186bfcd97050e0c7dc947bc56cf48de0e805c3c24ec40ae7f7069e0165f0a314c0dfb638bd3ebd2dcda5eb44bf9503089ecc424430ae4c8c310c5622140a427d4c39f1bcae9ca8ece156ad7a82be5d0aae5d2f6f93890c6fe01760a40cfe0e169cd0317ec4e00f8d3f1da1869e368ed3d762b186fa6a30f23a7b7f94ed3a79b2d455c13f05fb7a95a8f61cc9d90d62d8bfcc8b46035ed3806314bb71477dd47777229d562f4f45d33391d9d2e070ab0ae6fdc332968b8a155b5772c010fd3ef31a011b02169a620db801396a63b1988a87d53d2a41aaa21e54c7d453aa49edabdf7f711dab7321c5ef10c4c9d5a5fea1f192c3c734b288a6600c0c63681095008c235e7f008077a4df6faeb38e4aaec3ebb83a916d8b010a59d246eb545ccb6025568006f8a391ed45fca59378c1cd9bdae6166a13cb3d4e4f63b3abe68a19657d763c6036d52482b1b4197bb803fff55fdd9974eb2c77fdea72cf8274a8b6b6d6ab241cbdf8ba7d9785edb50380296b7936779efb06ca91659760ca2dcb7a038736a6713ae214dc2c66a51b09c71cac4997aa8f11d624b49963cd1c340f2181b2f771fd1d7874654f969861fcc4b347651d45dc0eb2398773c8292021b1997e86ddedce2354c857dd3718d7d2892eb06da553cc9c81780f2af39782b70c4d7e800293e750105c9059a1f1d5ca90f184ac80dbb5e9dfac27ae4293f7fad63b4ddb0522cb26a7149082b2ee0ea6e45a672dc46cd371abb32534c7b9565e6bfe7ce086e075a1b5998dd226f3a6c06dc15b421b333bcc3b020fa207e50782f7ebcfa05385df0b095996743dd3d060c612896257c01d75a14c2e8a9c6647d49992d44030d8dc6076c309195daf952537cc1c5cd2109479b394813a60962529e1723a3146429ab13f186d3a9b2846ec059f2f1818c59211da6dc66f98cf51f33960fe0b98cf2d5df262798dccc95ba4516c3322fa2b7615dbd5bd80f1dd6b32389be9ca904c205f784cdbbf8d6d459586169e2d0d9e9d385fa29c7662d1accfcdfc03ea5a387156afec003b7d952417ba096ca39bc0b6263f4db2a038f523651c2b63ff588a8ad4297556f2627454a20b3521c3aacb11905dcee1e610c7a08c84487a545247fa23f68aebf7e5687e41b1929802d4d3e3f6b95ccc52d2ad5d8f2000aeb170c9122465ad6d18882a3cacf8094f63a3f6c64988e2e23a6e48d6f9e5407957eb812b3b16b4356bc53a73744eede5e5e3762da0f8f2dc3792e9487a5639873faaaf73ca969a6492f76bb6ae0b376dbf7766a621efb5cf58b9971c8e3525ac8a95b25963f2036e8cdb8f4cc8826e627b4f4e9913456cae016198c52705c1fca4fc344e220b7ed8304b1f99f09308f14f72f490093f7c9804ac35a3f8e4618da6e6c0c42f9c781ff47f5c79bf522f522a330fa600607f58c43287fcd94a12912981719ec395f242b1bc05df593c4f46dbcb1bf0cef6f7247c1abf526e28d755ea4f8f75606aac6691a6bdf902fffb588f9060cddf0d5679ffff37dab31747cb9b417fa7468bf318275c9592f0457c67794bf1fcc4dc76bcb3bca1fd3d6e7fb9aedc805fc1a72b35c2e527265f224f98d64220be908dd5e6e756706bc946f228f70111b851b2fa30c116ee875c1aeeed2f74bf6904ff817f9ab4131bcd9b3c3f7e9e52806aca18b170dca5793f4f5c58b992fbbe69ed47d79a1e62df2d43a6efb23de797d9675daf6a982e9692016d9f46bcda4361a3b597f63db190438bc762a19016b7d01de3b897266d24482c2468092bdd514c209c702844148450282879bc7104b45f8dbd1123fb62a76267629c1a6b8e0dc4b8d828518d1a0d93b8b5d7d26721968754e5fda14ec65ea82360f99e959c0bbadb37955aa1d3ec8ad0515338c08912db8d0d89928247c5f1c3fd4ec55ed9f6238c85e82c3b826dae01ebf081d1af308e34531acf27c7f8e8c4ae59db2646b7ce9ebdd5b48596134f6d996d221ffff5eeb93c68c0dcbbb9d553ad0bdfadb4e6dc03880a96379b7a61de222885fec666cef2d59a2f3b488d6171141cd43a755b9c8536758e4a644f5c4b2816b3d9e572bbed8a4472389243a9680f46c492339b655980405988201470e5dc6e8f87eed71ed0384d0393f635c3391cc5d1a84988a7de486235d99c24c9a7888aeaa8d384f9c9674be3f0cc67e9e63894534f1aae7732888e7775d23e7d4c74165990aeeba5d0118b5b415198bd917e44d8e4a148c50a1145638795ca4eb7e2b9644755d7e9533991abd8a4ca64e61d892692d0e2829870b43a9d74b92d6d2244d4203e71bccbafd93a3bb7231eddfed886f2fefffb4b4ffce19716e566adc3b3035fd980dfbfbbc5b480ceee84e3b51bcbcbbe71f4b2f7f7e0276cf806227ffffad57e3e3971a01cdf91bd8397d025686dc0d9ca6ef75af75acfbdee7b3dfc5cf75ccf0af70a0f4f8b8dee8d1e3ee00e78eaddf51efe54e64c860c64f6658839c3e04cfbee67b81242a8812b19418f1c0b99b4b88bee8757115e1f0b25b5381aa53f3013e2b5843916b269090fed1728ead558a8564b9878c0432d09058376bb4d92cd711772bb0d177ec385f7b94eb9ceb838d5d5ec1a70712e86f84c7d438327aef6c670ec21bd8af8ead24945381761cfb212aa7f101a8d4fc11f0d0e964a2143763784529cc0d526683065eee76b4940a9e14261961e640f5d4c0fa245c57fe042d5635c027e078e927fd40d3eba782399cf54e1e81db3277661cfc26b278ed33ee9d9369befdf7cf9df6943cf76ce7ce1b5e51d71f26975796f4a628b4dd7a056ac32897db535233b0ae6ac317d63f386fcdd79d39c66dcdab249df013c81576221ab161763218b9670b07c94204d038b175af2f99696e738decd717c2bd752e0f339d14372b9d0f760c456841b5b83914263636d7d06eafa7aa06798485e0fb15825fa83c5ec478ee5e1144ea582a11078cdb883eee43ed4765108548d7c4566bfbba8fae4b395f520c6a4c603c0a6a8cba7ae9efa7cd1d6e9af5825f0e5101b8546722161543c07162964f5f898bab0849163fd1e82cce03aa8b52256a9b67154f28ef4d772ccbde7f5dc54fe081551d2a3a5100b93fe512833b8b619249fab6ed300138078d10b7cd6b4b8fcdd62f96bbd575223b6650ec868eeb6595f5cfaf9cb9a1b8b5b977ffbb274f88a769fda94ebfbe6d50f3fb12f99bc1a7fd886cbeba60cd927d22adf8d437debb7dd56eaee4f4d5723dd3b26d12ce5adbfed479393539986c48b9a11ed5773bca09f63fdaa56122ffdb66ce57c9ac704afe759bf9a5b0afd14eb577356a04f7f4e1b0309fdad690768750a872b59db2fd5e21e6d34fe429cfb56eda371f2adf8b71224118f43b4e816e39a6872391c34832f218b40b0c544dce590459388bdf69ccd9ab3414896c3a91c58d770986e8f199a375c5055af1c08245c1b8cf80651b543a0729f6cbfc1b11b30f15082fc3bfe0ef8f9ef220325c8744316557999917560f8149761569b4503a65bac4b0758f65170a214f48f0703ca44d03f7156395b526851e953138cba003df92c786085261a8f2be355f054f8a2540511cb1664da2c7a6b88d5cea154d5fc7a558612af3c4502f3ce2a05a404103302487121621bb994fa01f14ba58324f54feb70dde9995bf163f72f2a4f7c6eeb377b67adc9e90ded69f7e26bcbee426901185c616efe99890f88f4c8f445ce64d2f9f4c483e32f943af2c96971cf23dc67af5e5043bfbdb100e42e825c54548f72409e67f415f615ce15b8ba448f79969f9b5ddb93ea699add7c65edd5a9ab9bae6ceeab5d975ad7d4d77cbcf678b3cd95732a39879a43208bfa1eafdee36509171b647bc16a7560ad271269e83119d035991c084b4e0771ba5c2ad2341a4813ac3578ebeb239a55d7c1323734486b9238d9190b66838426a1ed0b9e0bf234234d0df605f9608f5ac085de2c062f27a912592ced96885d8a495d1227f5e4a752060787168e0fb1f44e9a34384415bb92dcc9ac70c5419eaf24dc8311a05a395e4d38d3a910a71e55a5d7a88ab6a90866bf36df442a8a2ab26c2fa479bdbe74aeb592ecc539d8629dd7cb2f9a387ef36252fe41f9978730ff0269ee584e7a36cc339dfee007e5df941fe116defadcd70fdc7ccb81af8dfdf3a383db8f2449fbd538fccb7dbf5bbeb4d5438d6bd7ead5af3dfcf3f26f567590df2e7ce1eb3b9f9d75e125ae75fe91dddf39d5412d2d3012ea1bebd179a645eb551d6fe4eee576f2a7f433ba6940dfa793b4ce1c20f4492a168a6b7133656f7137cb078bc4429a96b0b0ac30d068e024a6b8a6298a9d04fc09c144790b4660a0e211238cdf08e37de153e133614e0d378707c25c98b938dded895b7acd7d66627ea8a16a5dcf57495dee2229a938b82a53f914bf3b4e04879ae0ec366633353b11fc8c8c0888995541ac545364847a38e5796a3d1d34f5fa1f895e9e91904b8f98f6c6c3277f75612d736973b7cef6de844bc3eed9c364ded6d99727cbcbbefdcea71cd9c635b5e9f5dcad17fb7b77cd4478f22398231bccf7348cd87c0f27eb5bea67d573d64830d210e12e44f04b91df44fe1ce1b2f99f8689b58d5266dc46c9b2bf2de4d2e2356d2127108936201a89742885be1708849a9b8d66d2dc1c0a398144a75249e2724a29941e48ef4b73694d57637a2c3e9c399019cb70998cb526ee078104026ff871b31ffb292bcc335658e57a941a56184605d22c7c2d826f1ba4d857c63f495a2e0d0e860e859a472501d84428e44a9b242e59cb2420c0202a29752e77a5aa4c7d955b54531f29e38309b611960143fdd70cd2e2a08169aaa5a5fa2255030fdb7fe57686affa0c99bb7469585bbc746274c5a2e885bdb77d331959de4be62d5be58b5e33e77e328a1fbcf9f2384e26717cd6fa0bff76eb15112e99249a710bee1f5cbd7eff1f06676af0626afe0d3fbc6b7d07f52ad5bc39f02a33118df9164d9ee5fec7741f0aa33aec6112ea5d6edec0dd2a6e96f9b562bf7903e656a73f873fc77133b5f9e9cf685c41eb48134424ffd09882f728fb94830aa7286e5724890826622229595c59b7db8414c9292c43aa25353af9ee911a9bb02c457f10c834f996d1c4d6dc4c59d31a13b7db844f99f080698fe9a089332058e8337126932ad9e95ab4935ea6d2cb2c931f54d6a72d467b7b81fe3852af85fb8b051fb0fc1c22a3ee7ae5fd41f6ad121d5c4a89ed7f8cd36d2aa026952f9b95c6b354d0256aa8a869823f08fb8e2189b81089b01d05224a8951f19d4f7614e8a20275284e2de7f4b849658f0bac19fccbdb8868e392f1cabe38583072ffcdd8f1ec7befffe29533b70c3ffacb6f1991b4b6ba7fd7fd37df3e0b5f73fdf0bf0daebded5fc87d582bff6ef43fca2fe2eb269fc7cb1f5f44884dbb766904f8f1ee3797ee1f79f78327ffe3256c059f020c821b66bf40ab221d5fcfe4b2fa07e85974c2fb42f243fe6f5ea1c535cb456a5d69b7dac8bd19792bf951843b1d799b7bd3cbdd9ddc997e14733e97d74d4c2e935bf67208d5fb027a7d4c4d2a81647dbd02da95349904b343115078dacf3dd8e301af9a331a888d8ac6207bc95f08a7923304fe549f4fd7358bc6523834919ea0d59a47275f63497bd0f83d5b3a651b0d356c33c18c9bcd67c0b6b11d5387bb80cca7a0972de96c93735c9fcabda302d169583691ab68de448e1149504aa094f900b4fd9595bc9061b5d447957909737d549817d7f5952044caf2a98f29854690af9e6522fb7c82a2420be2303ba3098a20682c335948b0c35386d17c314a9be29598ad826a2db9eaa2673527d9544d474e241c53adb848b67ffcdfcf943b57663d8db3f1fecd0f7cb6eccdc83b36df7e6f2137ebb65beedfaea5f0d9c2f12db727bbff1f675f02e74675e659af5ea954aad62d95545249a5a3aa74b7aa75b5fab4d4b6bbdd968f36be8fb4dd186c6cd301dbe148c0c44e26180c09f64e18666793899dcc24c3e6c218831b083b26f16fc8901093ddccb0fc86046671084970c2923040a0d5fbde2ba9bb6d9c4d76bbedd6ab4bb6def77fdff7ff8ef7f58de0b5c9442491d8bbea8b7eb07bd986951f349dbb567f643b6977184152ee4752f6533f221276f6530d6a6f005aa82095a120a0f1043a2dd632b231ac46f959ab8d454e2878a3ee058035bbcd349e7833118959759120368e6be30c935157e072ba8eb9a00b4d7d6bdad172e86d1508239b32d09e5db73b2dfb938a2b2ddb9271735ab636942c99645ce97f9aa6fdb60e326f363b99551bef67c974fa7de4b49f35941d994d3c977ec5a8213642c9ad3c46b2027d5a2eb1e2c0777dfa48b37b7b8fafba02deff870383d39fd9938e20b5d57b2b78edeaaa081238723043c39fa3b90923be3b6cecb58aa68e04e87aea6efb5d1e18aa07c2e50eab55107cbe784c73bbf884ac018a8d79b910bb0ed00db355efe8e079b3a02345eb8fc5642a1c96a666de388daf4b530011ca4844e6f104ca484119695f5d5e2e1f921f92195966cd09336f4cac3635f30b82750d3f8f9fd070d282e4845769e02c8e37bca9d19a3edec2b7016d3cdfd3d9a26e384aadb803a246bf1fc8b6ccfb743be2d01643072ffb65172d83b04c19346a1acb208b8560f5b9701ce257a7aebf2c0ec1ba6244162e9e9c76198e958bbf421c22de726c492002b947241241b645fa05a71187780aa61677060b9b13ccd24f1f7ce386036b2cdaeac33bbff0d35360ed4742f0fe8494baa1d97f7408367fbafab662f2c016a0c00360cf43df3449d5a6f066e41afa18b632adda1e64654689efe2472c601f3c4e6da07344960d86632cfc4a7e8c1981a3f991b5f08878a47e64089e193dbb893ee23aa21edaf4b883b961f1ed8b6e5f0c572c5eba74e918cc2e5ec22db143cb62c7a6c0e2e826e645c7bf8ed2b94e5c5665e9287726bbd66fc0eb4541071b926bb2993a1a64920ca0f0804a32080db6e52b56341c361b56551a169f8d84d02ddc68a341c4d950578e7957ae1c73b90a2323898269355e6c7db5c258e16801160a59cac639148fa931365a5e6cca5243cea1eae060d5e7f44583c168b59a8d46735976c5ca95146fb16ca078cfd4ccebf58a0541c7c2d91c8acb630e338b457cbc72ac315a1e596ceeeb0b87bbd624d7a8c719a033e719ba8b39c6cc3090c160ba488054d4fdc88e21df283b7f9b15d92a8afeb87b7b5a3fd11dfede16921eedd0f9e5fa0a8ca04dc41bc3ee7b80643b887b3e17932723e02a89ad78d8efb397fc6dbddf99f540a63a33729622d9d3018ccafde3e48b1adf07f6498f8eb85cab13a629f3bf3f36594824f86c27416136636ccccab260fd72c863257266925ac9f34351df14177c64b21a654914a6582b193bb5b0064187bd64ef37511d15e4c643e246a03f4671c9bc4db1385b5599e5ad4211df3557a9894300acd987ef426c0ba267051c3700ff6bbcb8305bfa66f3ad91d1c1f1f5c5c1eea01cf4463a03a9fc88befa9aceece4aaca66706e4b796c32db7d73a57f309f0a74465c6139d83d585ebfa9363ad27ceb9ba5ecc2feb59ae5aa3b9e97b7374f6ba6e1db9f1c6382f70ca5adeeee444ebffa8e5b471ff8d4720b9a8ce5871e18bdf5bf2ceed612dd6e6b7ae89e20b3f6914f0e9b34b07cbbfcfcd1c10e0dad1071e602fd0bf810d27646ccce6eb29878ba871d65e9253c2e777af3514605365b18ab2eb1268fc9b42c736e41f4f9c4846e74cd65557c31c599c58abb430e4731a26be1b1301d0e530e5bccf7c331e1a04047045da005c1810dc96990d00185512a10fd87dfc7e18881b11888fd65478784494130e238e8a0eb8ef30efaace34d3cdaeba0f1ae40da61502d64c12feedbefc22a8fb8f1d8ac5f306242e80c2921c1781d1f204035e0486245bd3dd88ae34dd0a76c322261afd5ed93e843f97ce87fe1062ca7a253a72739b35b24951eee362f9bdd4b4a0cb7c75522997163433cd3da465435acb55669dbecb519b7cfd5bb6de0330fff1ab84f3e78c33f6c0ffefde7d74e36673ef1d1f115a7fae89b41c4e9946edbf18591deefeffef2d8d6e0c1fd5b9eb1f67daa31b47d06ef4ea72806ff16e84e701f914fca228217c55f8aef8970a9f837e23f8bd02206c4b408c79831d32a7d423fa49b9289460c69e389d36300f9846850df2abadcee5028ccb326532a956481bfc3eab7b2a4ba48f5b948c96cc08e2c8ccf81cf397d077db4eeabf9267c70afef98ef651f3cea3bee3be93bef637cbe4e8a12197cb3c8e19b45353635f30a3154319c7cc757d0e00da3fa63550c1c2275de67630cae8c381883312427dc7f619a308322d23873f6cb796994b56da0f80ec2bfc0986c9a828eba5fe94ccba9463c9696c38db8352dbb1a8a2f2dbbd1b5d371714c0e3d0eed94d22e32d32f224f0b20fbd77ab753093989ccdc26638b12f66aeb163f154e3366984c18215b5392953c4e189649c8d61de6af10b205737e539b706043060c076b8ece913bc056f059ba7b21f8faa27c10b390e1353dcd9be8dcd2e6a64d455f7e0978129d0741f0ec8a01f4b6d8d605093519bc193cd4acacab235f6a681f78edfa64845c453c85e0c2741525508bc04f0ddb66c9833b4d873b5eccff32ff5edeb434ff37f97fce434b3e904fa317212064843e612c3826ad1a9e183e34fc819bb7b903c26ee13681713a731495b7e51d30026908b927804479e86f3d3a3838d0a8761224f901e65c0849f9642a552c96f890242d5830c8fa3b63f1ce3841525ccd1124e50892720692720773344ee34ee4e0dedcb1dccb397834773c7732773ec7e4728b7cbe3c41529e2029af56db48aab691549d4352151caa1eab9ea89ead3254d5593d5885d5ff0f2421cc841a71ff982c19485a94961734e2d5b45c6ac4e36939d95072085b0449f931b978652451ced6fb3d3c205fdc54c3bec405601846dc5ca405abd336e8f17053e657ebd649cfa0afb3540b86e1e080013169902da413b05436360d972e8798f39fdafcc9082092e4f15cd184e7ff097e2f25e585a5f032b5560f6506e5ccb39ffceadf7dfa4f03d20495ec8111a57b645736bae2331fffe0863f1b9f446fc11710f35a00be46d059e712e03d155cdf7d7bf7defa7b90e9a597d29bd42ddd4c34189592897485c14d772c15c856933d6a1f944190f6f509fdc2806901450df4f561eee4c238e85321f042087a7ab8681c1b9e7527d8932c6d743486c6560fc8b201c700ecd32aa680a3e42ca5753d9d0e06580a00bbddc15708170270a04feba9981d39309303db722017b1782dc4abb1a88842bd459088061709f94683dfd5498df42a0f38e439e639e139eb61288fd3437b5a3824c0c3638334b519d32c4f6a2ba0053ad52648e3c8092d05e6d32350449ca80d5731929683c9b8372d071a8a272d3b1a714b5ab6270924091bdad76243d2a99e38728e2e3c36198f3ba48048f21b017681cde1249122e0e0d325c47d4e4da6d979f98d62db0f8db50a68cdc23c34cd8390400088d31c732407efcd34480e7ca1f9d627778ac9b835e81f58d2ec3640f4ec9a64d4cf0d5e9f4996b614bbebf9b42f96f1e5e578b433b2f49ab1b16567cee6b2f4dbd754c579f011955b4ed3c37bf734f4724629581d635b2a394be3dbf736685cc733f326fc31b286e9165bb139b22b83b45cb7dacbb21cc7343c89fcb3f8ee4087d5c67bbcd833b3f176dd061cb6888db625ddba042429a1799127f5eee9608cb854afd56d96001a75097e2c7001ef62096189d785b302ad0bc7316d61cd1eb3c5f0cbdc188a1e7cab3b8e6f3bee0651f72b6edaad8fef9f73c3f6b55d5fa496709015a9a3b6ceb0639d413cb11a76d4b26d617b0c0f984dcba0114f0ca565aaa1b6dd61e9e1cb5d61ca4bdcafb657966e796581f814c79f9a0cb4480bf1c42ef1c25ac245d28db948d1ea5c710a0e0626bf044bc813c33a21b1a23fde3c9ffc58e3503aa6c8496f67ba73bce58a19cbdf39b8833ed0fce4bf3dbc6e8f9a0f27fefaa967bfb8d84cb558cbab484e299a2372faa4cf697796894784772eeb14340b7e2129548525c23a2f9b118024685ee4b609de0405596f8790a66080eaa57a05d895594a2d15c6324cca27082a95f252540a78bc5ea7cbc7aef38a5624076f176e4041011fe581c9b0cd6ec7797ac476680030db4144f3cdd376741f85fd6787d5caae73d8eb166bd9de704b2152e98f0e420d7f4af002c6e3f3b8d5ba999b9af90d51001cb640040f9c8c01709c0363dc7db88edfc11de7ce73909b02a7eb5e2aeaf33b5d41769d5fb5a1a7fc5df5780c47465abcc80856a1c14b751b8e2e5298179dc53bfbc0eaba358a377574e1bd1d99f46c1a0b6b9481a0888d1b4e5f8d63749113035897b43da5ec9ca66939696d5fcc21db2539d4f2c5fcbdb8dd4c367bd71de7ee429a06bdcc86b844043bba6dfcb8b46c6b2806b1cacec662f0d73e6a1cef0ceea03c3e98941c56831d3d3629d8c37c1257489dba9ed0a7472641d270aeb286736574c0d0c0158c95025c1fd236f43120830a82a0a77fb039bcbaa7f91da5f998b76fb0f91543a92cfc2dfd550383dbaa216c82e8e4344d37a75f24876d3d42cde3ce0570b5917359559a281d2a4140698160308b30148dc678ce6cce21efd966a7ed2cd90743b8885d150999117df89c68c73273e26dc6ba58132744b8573c26be2cc2a3e271f1a4785e6444b120252412ab94c81b48387ef34a3b7ef3fb76fca64d66348037199fd0ce6a0ca539b5831ad4668dc86564267b399741f840da6396d1d8d232d788d369d98c198d4b29a4e51cd21f6939db50c4b4ec2567e35a5a8e35e2f6b4ec6928525a8ece27366d154305914a41dc84a2629dac051a5e343f69ceb211c10d6371225d6fec32aad2de273fcf58cc932a3a7365838229b1bd3a029e5cd0eb75f42d341808196c2aa217721ebcffdd0d152d910855269ac10d3d0a16f7abaf920116f4869e38b93633d3debd8154c86a6abeec15d045647ff52a6d423ba441a0b9e548c46ce6788f9b15035480c83c4044165015227385c85c213169a77250a175a5a64c2870af724c7959814795e3ca49e5bcc2280aa06db4d9866ea6556b5bda68f03b226d34b8d892b6151cb21eb39eb09eb53294d5693d6885d6f994e1c3c23604edbcd816b253c4828b2351bb1b8a9296238650ad44f481b42c37140c8079423544fa281b0d43d213e3d1c908c7bb01b1196e2357e43632476e765eb6ae5d95752589cd3b4dffaa7913a18d644dc237e658245cd30aabce2784b3747166a6bdb701496a0da93768ed8a46c723447256c41cf793df8ef73a915ccc44f140a0822041654199ea0723d452500fada3b68055213b66435340ad0b841d25e3668e43ca5fa3901b130804b16eb721dd1e0c222680dc090071f081a62d540047d882c12087281f59b5b3c48f6e91bd0f5ab16c44f04e7aa0e7d258b66b36a08dc3d9ad8c9e511764cc3b0c0629878dcc6f8b8039788e120c93cdce6b4e42daaec5fc2432dacece7593ce17384c5a8462aad3da33ba6155a0e7daa67da2ba7a3d5a169df0fe7797ad0e4e7f6667d58df36e7db7d00784b13578365b95ce6836f1ef3987d4866683f99fa6fba83455a66ae03899d1cd77f2f784ee89c2b1a189a1bd4377b24cc056ae646a0ae46292c76b4fa66f8e18811d6a70a5c99c5b1933f7acece828ae943ad05558abd8ec4aa61c10d314a5d276d56e225a934c9ffd09304a89885a11d5892934d19e5333ef9d21a10251ee9f9a7987640bfaf1557cb21fe7d9b89969721619dbb7ebddf83487136e2f7340e76ee40e720f71cc090eece50e7134de39473bb9551ccd71ba19bfbf4e5c4d1d078d023229b197ed24c0cee0f36332e89281acb7952b49d4b543e659a3d6de102c0e981b1b319cadadb12486d48e235decad0dcc63f1751e2bd7c344a53e0e54bcee5a898b4700e57513d17b05227aaf7d309643a27f6cd284e6522aa2e123931d52473b0449b0406a40b5920b913123ed979cbf0c67b7baf98db09227a1b4b280d5aad1bac6891bd77c03d8735bb67eeaf1ef1cbe66a57f60a2e9b9b67fd98e7ba74edeb77b7934154b1eebd9b86edbb6752b177ec1bb3eb9e29a6f2d5d660aef9b7e6e6df3c2b3ffd4fcf78dcd9f5f5bf56b5aef2780b41144cf3f096213ef1e1a714dffe196975ffaee335b5ce59eeffe089cbe8ae8d719ba1597aa114c4de2d8d3bdcc219d41a42b48b27c9aaaba5c4e96d6716142261bc912559b25aa36abca44d5ca44d5ca86aa950fcab42ed7e40919ee958fc92fcbf0a87c5c3e299fc789119fbfc34f54ad1f27015f6927017fd74e02b6552d0f0ef1c7f813fc599ea178277f90873c2ef7bf6ae349d3e736fd5f946ebbfea16566914b3f67613369596bc4912ba662b5ebc1b12657237e69667056e59ea159b792802411f8e8a4ea64d9e01552801f2e8df8b0b22d953e7c8e096af0f34f4f1f9bf3d2236bbf321e44fc881ce4b5e64f6f3e7289ee9d7e7f43343e0ea6b755254317a73f3580252823f5f022614779a3330e857c69199739606a8ccb1c34b787372a1dd8849eac25e924faf8a7b22c89c165011510ad3660638d848618248b4d044e714ca445319b8be6c8a59c1a692ff548db97c683ba8045b82a029e8f80a39193119a8a38237404afcef9e9ac7ded700ea902328a250c19916209bc8067ada48ceca1b9118f62712986adc476f3703c29274c32eb6c55556cc23b35a4ae29f35b57a8a7602faba7e03f5c4f7125a6b380ae54e60a2a944b0a2ae8073dfd03e0c916a5d55715229fffbb4ddb83ce9e2a7808c9cc335cfb2878efdcac7c0c5e0b1d0bb6bfb2acb37fe13f6cea89920bfb16e62306b331bd8fe45603fb8d1e9b58899f183a39c4e4b259bfdfa7019ac7d98b782c66b359d958740a6e3b25c59529b8b59e48a64229b20c53100b24a54a12db3fd035c0e1730364690ea83a964e3f968e5e20fa952429ebfa36fd90feb2ce1cd7cfea484e5172cce8badb837c636234c9f31e9525f94af4388bdfc84b96250b48940687678eb190351662db9ece27be589e64f07ba32953bb5f0ec95bce736f1ee94acb150c4445e94fcbdd8db81b7b2ef159171a79340343c8915694a81c73b62bd55b4bd41e55ca5593d5c80b556256364bfbc822a58d3a261a1a2fad64662b4b645481fe91853a77d228b3b9d2e2f599deff43694d4f7be5c6af9eaca76c883781af77979df18d1f9f70934b08288e6e8d44d7e61894799bea50af053fdf93961309102f6f9e7e7f7d2cbd0bfc7af68e5587eb5164f13b113e8a24bbaf53bde0eb0423236f07df0dd1af852e947fdd0d7fd0fd2fe517bbe1e1f2dddd4f9761af18d0aad574a4aba8c9c87396e508769b3399346be6bc1cb1ea9cea915aa1b0b7eb0122e9143e7fd473dcf390078e796ef4d01e4f058754f0e90a36e8528b0448389a1226e519d243d22b1294245d147b7bbbd42e82962e55696b73a59de646835f19e4abaeac520e2950312a3a843285d9b8822b3ae6c2bcada4f74562d8dba72ff197daf51dbda5b6a208196e2ea28cf6c338b8060e2b8613aca7e50ca693b6b89a96d306d56e6977a3f88314853e2cf61a8e922846b21484e914011248b3763e82f4ca9ba726234582a7889538c61187f11225b08ab46085d4caa57ae5432a05e30754a397578818b71999a658dc0c7780e7067b0437522ea5957ad4579d7e703ff8cfcf3cd91c35acc4cbd7e4e54ae5da3b9a6ffbd3f0864422d87d7533b8b51a36940c78edea1e7ff328fdc1cd9f9bb31b7eede6e9bfb4efb9ea2c30720d701741540cc4089ebadea6df65e8d7980ba15fcbf007f2bf845e94e1e1d0ddf2d3215853408c025a24e2328b410d7158deed62c36d6c843136e0cc7b2d48c087e02b107df991c71913ad226b24943aa6665e2790e8c02510181268709150c87a0740e3b38fe1f21e34bc12142e662fa9ea9995fa237e9c2222c23552461dc45ab4b5424bb4548c54f45094d9e5312a1a9c24b2e662cd2291acd930e764930b7ab9b4a2078bf14fca0b6cfda3e2011ffc3139206e2f214f290d1f026be83be08d147596aa5354bc6ea17c3e0b9e231f5e6aa47624e203be65f195ceff4086d4554112ec9cb9603a8db3bcc8dadf66eccd785dfb45f6420e7e54bb2df10b19ee0eed90772ab0515897db5c80955c6f61240783018d02c0cd756a6a47520bb79c661def5e25660187d5daccfbb128f93f4411d5af132610896e8bd2d165a5608614bb64489d430673f41c452c3f5526cd47486f9e310a8c5147715b1331100080b6d34439d0aaad1d86b7e1edbcf8013c788c508e89226e563827fbe21cc5279ffc62d6000226f0ae4b6326a27d961c10a7ba153f69cc86d5c70d300400014320c0cd77994f239799638d3e931672ccf1e12429e60b9bd54e923456679b94cd8786225cb2b667eb2e4bdd2dd68f693e881bdd035c659aaebfeaed5ad21c1ece84bab6802787bb7caf057ff78deffdc7277e7cfb5317c103db0f1efff4cfbe089ebc705d36da5ecc1fef0189849cddf5f4d36f355fffce8119ea76e0a36ffaaf0f7fbff932b8e679e0a4688424a3ca0fd7f87d8ca021a3dbbe26bce3850eabc3a65be15aef5a8166bc8c909596498f0aa62321108cfa5c5e0966d353403a73c80ddc6e5f4cc1d9171f15658d8228dee70fc29ce0c0e14f2fae6d729068985780e118c2215a4733ef9035ec544d2cc6aa8605cb26f15d2c6109c75970943dced2e7d919967e88fd479646ec136b8cf0cc9b7507befb1fc3e7c33415fe6d980e136a48b803898bb63aebb9fcbd68bac9669116692892c47fd18f2b00daf2174c38b81e7762b2104764a1a3812483247c4ddd2205bd9214f4cb3ee7c556836eb1adfaf166fb71e99494f64e997f7966329d8ef2369f9ff046ab8f8f22c5f19b539351a3e02f0a083ea273b19522d1f3c6e6e7cb6364e67812286854f590f212ff9c73070f2de8773b0717e0d04adae26fbe74a198acfceb6b5f7de6baa4b2e3dafb263becf0fe44bcbca519dc50553165780680e6764d5a06f2abbe3a7e6479c7b5c31b6fa2dbdde7d6221d10050a91797c13bb9bdd25ddce32b8d37259ca59ec658b7834feaaf72d2f73b7ff1e91465afb3fea1f093301e4aa7938b3c5acf17cc013952220c246025404e8a00620008c1630db354f0767b1b87ce86c741b05706bb6a3a45991dee59a701d724197cb6736f37c07a19a1d6e2cef0e2c5bdfccfbb82f05d25f86165b14c3cb1a47bd8d842ad940b76fe022a9e030ca3a8ca28edafe01a2e05b9ebb51d7417e9f016ed3dc21059cce08009e88994712393369367b226c8021cb3460f6d8910c11bd9f57db916d370b377efd03e926638e09314310fe390f1c1f96a090b01ed8bae36e0f48379fffd22ddfd817bff79973ef36bfb460bcc7290809fad6ddf73dfdd5a1c233dffab2f707407beebf0373d8857bc2ce3c0134f020f81f686ec4a7281a9ea1007c042dc8a9874d40775e205d4871d351f060d30d7e03b46fb79e31497ffa1993f487e3a6abe79e01d41f7be6e773ff0ed57c028ccc3dc3fd19cf70d43b4f70f39e71fe19cf38a9df3ee16c3d43bdc494e124a95e18a8c7581121cfec0c46cb1d2c789f052ceda369ea2ce775f0888bf2bc1d972330f4b72822f873400ffeb0d0455c06d06a5e813790b5dab7233d0a276fbf6ee71d1b6e1a5e58ca5e3da484a4cce0a8c9345eaba4bbf7ae3cb03b1a58b40ba75b76529b992dcc4aca4c3910b3895049c497ab548d5a428d511ba86dd475d48dd4add441eafbf56b764dae5abbf6231b3f7ea06760ef4da9dcc4b5eaf2512bb7b8ce501cfa0e45d5819caae606e0c650b9cbeb748aa1958d5bf6efdfbe7364e1276feb2edeb0c7ed5bbd9e66fb16ac47dff1ad9be5e0e6dbf66cdebce736b833cedb33f97c22be93d27ff65caffedcf3cfe10893aeebcee79f733ee7ea4543e7737838ff2fb90fe8c6abf347c6fd97ddfca1fb9114bc38d7572a265baf9ed6abbff5dabe6ebeecf8f2d7cbaf9b7d971e6b97bd7ffbdf833fe92a97bbeec73fde29154a05158f9ad522fafa56a95028d1abf1cfe9203e41ffc5ecbdd3dfee2a178b2a2894cb05f00cbed8fc08fef90ebefb7e3c820fa01f5de8a8f942a95478191d80bf4683f5f8dd6e473fc05345bd323d8a467fd5d555a6a3ad9b9a6634781d3ff662b9ab9c47031cf59cfb2ae07d0a3c453122fcdf9446a5a81fd66f42c24d060362cace6de56ee0609303bfe6c00a0e64b83e8e963860e1c0b31c98e280c8f19c9a12bda99468b7f37c4ad31252289c0aabe6b29936a34197c9ec3599cc007499ea265a3501932995486ac1942471a28bb79b40589535278f79e66fa8dab9dab966f11cf9465aaaf7dcf43910d04b22327f25fd2e27cee7817dcebbece74ce7ce01749ad4feb6ce1b5deff7eddb6f5c76e1eb85ae526501ac8212902131428890203e928c918ea8325d125c31c87b13a99c04469d60d29b48a6fdcdebf8a8ec73d8abcd13150b27c8b20514ff5605e6f8481d863f38952f054caa0a79c1edcac8070ffa634eafe430ab60124ce248b40ffdf82c7c81c2bf17723535f1e8dd2b4070b5f024b200552a8e68a1daa8a26f76edd06a95b502560a767669abc7c6162c1cd6809ce387166856d93e05f1b68a8b45fc17c77f2e167147969f9d734e9fc3ad18709b22e745572fd20f25f2995ce53c8d4bea6546f0da69b3209bc8ab1d2a104766163095729ec17ade450ed124e0be83acd9d75b8fb096d8826ef0b7dbee99e88f7514178f789c856a4f2e14cd6478a96774dbc2fd8ebeb039d955ce85a46c77256f17935effb254dfda6ad0d57bfd26a9e05003fac20c9d2c2cce7995b03e3050f5f42fcffb1906dac54465495e5f52089b1c1eab89f6d00cdd216687ba0a4bf4908381f0832fb3acd637aa08cb97556962bd97ce5c606884c31ab5b7ae6cd441d5b3c4435fa78305b51a15894691cf5540f3da6e0e38e4c4445b18cb815c14596b10f17768855a6d7d2fe82d20383de2d792b8ff60ad84d083e70b4d9cab0448eb7684a8e7b0352de9cf19bf6c671c287998cc43256ea7113418520602ab7ebb4989e7d1849192103f82119a3e6416df56cd0e5f4490869634d465776c2e2abd8d5563f1be037da212f2db152ea42f1abf6dc5b58f7f6eddea7b9fdcbd62475c94ddbc8971b91c8c423fe0c9e4723e292b3b6bb73cb87bdbe7762c4c3852252199ca05bccebee1913eb571e71337eefbded1d531076f35d388ba84f02a0da255ba05612b4c95a9ed75e9de4ed0d7097a734772745f121cee004b383002c1300d4c785e22ce4c34732c7322c36432beeeb0abacfa644573c90ebeac6b21999a0f32a05ffcd939a3ad3d363ac61728ca741b47b17938036416180344e832ed79e0a56323cecc92eec18f7fe2f65a736bae2762752add09d0c7ab59dd1f5a3bbe7599bee8e6135b1da994c6c317c6fee21be389edbb7664d0d266547bb494a03fd1d913ed503eb8019a4dd091a84ddcb971d7d76e5a002044c69daaa035751dfadc656ab2de9dd05487c3ed72a9b8b35f5405aadad95d4a755a44b55375ab6e51d6120ee0001caf89229792133ca795663f2c69ec6820a10508a04f9f73b63e3b02431123a2880c4c1159123f8284a2b8b0c893b8bd003ec05ac3c08079fe9cc022af9aba16ad88fff8bb7df53083b78c71b185bd67a0d0995e5d5cbb6420a8f64f5bbad0e735074b59f8c2eb8b97c6d9e66d52ae27dc7c40ed4dfb9a67e4ac64b565572d9e51237a6f905e83cf2ab87619491d6b947eeaa67a3febf3a9618bd7a152e1706eb098cc55d47e59cd519a438ec8ba3c26e35c025b6b0dcecb2659d62a450b2b9bcb680acea87e6f52f6693cd2b4d3e7ce616d8b7ee28fbeef229e889fb5a7e2dc74eb15cd42c5502e429c44fcb0d26c7df09830ff68de5d025cc4ca83dde095ca82286f8d0f169b51a992939a6173b4d6db0c546b11b359aef5805f74d7a3165af84d72613ea8289eec4869fadf2ac36997aab2a1fe0a884ca717ea41550dea0bd3b4d635dc29288a2f3f9c7f9d327ef30cf307342b45eaebf55d9b257018805b010041092a791770b8222eda253a188b1ac051fa7221918d2980529c0aad84fe9e02fba94f53f43514584cada568e4ffb34871238fab8bca3ab37436e17628b22b0824d5c58743a10272d799824c1b28423357c41ba810353ff793e239e707680a01f6bd8c5553fcd1f8786b164b25348dce1f8ee31652e84aa1cb425f611a1580be5d1f9a4ab019992d0d8c760f84cda6d0604f73a05009304cf354ac798a7126eb5dcdbbaafd920906077ae10bd339fa274aa8389c9a7e35b9a81852d55875699adef0c1933034fd8d725db1aa6a385f95687e60636f48a14887ff0b4c15695a0169d41beb7a35bf244f8fa6406f0af44447a374555a22d11b3dbb3cf466f71e37bddeb61337ebdf61a637c33d90e6b17e7151aa538daac7d413ea499555d5920f9d3d4385354747563311734e9a425ebc4cad8c8f7b883635940bd2ae4c95e8dbb695b2334b1b774eddb0f7893b1bcbee9cfa6871ffdeebc6f4ef4197b678cf8a157b8635173479538b778e2ebc7a3817b080e95d8fddbd72ecb3ff6defe453f7ae120a57ddfa952dde75bb6fdcd2dfbfe5c65d6bbdf189eb76ac2a6646c7afdb6df01cf831841a1559e3658f5366f43114a71ed5695d0ff70a0e4d0d2b6258cb680eabb52c88b28faf9635659eaa9c3e6798e39631fe615b658296e925fdd69128abc28715e6acd5058ffbd76edfb9a63cb8757fa5b6bdcba20c0f4c4fc717e8121f5fdc07d6739144d69b5d5a0a27071b716d8917be001d4a6dfb92d1eb86644747f37d6d202dd0aa6a0ad7fae8467e28ed519a5986e7d858ffea426d5d51309bb17c110f6164b23e86a9ff54f71ee903477a41162d1cb533ebedeccc82928a85a80f160a9d9fee04b77482894e30d4093a8b8383dea2cd5c5211adf1962a5a2a0bb22c00b6e1855a500ea199a8f39d05d96675c894cdd023ce37880d7161c08fcfcd8d8ee6c68d713feec2e6d7dd6b103512768a01966d4dd5650a04c1c28f7706da19339a36bf007cbe6e6c89db930743cdbfb27b5c1eab9c2d789ae9522dd6c1c76a65f0cde88aab566ba98a94ebeed6ed00f833d9ffc3de9700b6755589befb244bb29627c992bc6a79b624cbb664e949b22cefb66ccbb11c6ff59238499354b1e4588d2db9b21cd72dd0246dd3964237982965690b1fa603c3d602859676d8d2d281a4c36f814e21a485764ae927d042fb9919b0facfbdef4996b394e57ff8f0bf7362e96eefdc73ce3dcb5dde7be24cebbd250d5cc064761a1953f388c7d8ac414f809340d9375abb4c308bd3bbfa39dae109bb0c56b1da5265bab4dd3dd0642b67c4d96f189d66bdc4867e0bc19461d44e7fb0c2351cb448c92cc5035af40f205b0bb5bfa7dd62bedb84ae31dd6aa2bb4ca326da62f298685329856ea7d1127d84a6bd7488a635344bd3b45a66d3943238029b5099ccceabd5fa89d327e003794eae9f3c83a575caa711be3742d0267f8163ae35287a1f639598dded35ef55b06d9e6ca3bfdd2cbbc31faad38a6c2ad133af047b6dcaf5167b776385cd56d1d86da79f287576d7bf02d4e3b9be8c68c6d19e904ea7a428b94c8e5f0b42f4c2e773821238e5ca4aa3dca8e42a8dfaca4aa3c1506935daec4ea75167af31db40012a4b6548a933eb0597989bb4130381a9ea93eb27218ac2806ba8afdd807f9d0a956b9edc4b4a6438077373d00ee08fb8437d297ea3587341a0918a0a634b00811002e88bf29a9a0a83fa89fb4d4675457509ea2caf6be0d89f8b4da1ce6cb9b7cbaaccbe5a6661eb2ca267aca8585f52565796fd262a6d0c54a84be4204499a9cd9b7dff4bd690cf6cb3953484fddf44775bdd550a1c63f1acbd8fccac023d3a13ac8f0c16a3c6c0486d064a6aaf329b80cbcfab3466468ec7abfbecfa49889627052f7fca0f7c9c3f4c3c33a23e87d8d0b8bded3519dbdd9cad087455cb2108b68858fa6c43bfa772bdd71fe14a738ae8ea779715467c0fd5dd636e6828f638aaaa6d9e7285b618d9b40d0e85cc5c5c2f2faf3253f64ade33ad0b915ca0ca23446fbc25811f48ccdd6e23bcf2d2512b3cd025151e58e49f951705447d5913a32d69f7672b9abb18954aab5277f8c599a6961246cba88c7359d6d35ead14bd6fbdd91bd296e861ea854af5da4e2f3deced50a9d5b4d54a3325aa36effae7a1be16aae91247377ed89a72004763c0919d7283e75d7a88aa06df236f0a8a2b8c54d0e666b02b2a73ba4b25ba62776dd06e54eb2c3a8f4ea4ab28b597639753e6f6d8a99e62e42d465431fe2d2e51b148621693e1c0c6e223bef90cfe469e1360519a3367c107f1092f67cfed410685b97c30776021358bb0df468c086ba11ffb995a077dbb38329075f70f49e21f3ddcd3b7fad1a86470003d3510112fdeb7d4165af968f6b5f6fd7df6a347ffa9655fb8f6c8d19b9a3d369ba73978d9d1ed63d7ec692a6ae6ac56aeb9a87dffdb072247a32df47b443591d59db7bd5b86d8c12bf7c037bfd211bd04f1b79d5aeb71047c611fbd4b9550ada944bba5974baf928adc6e97c56c3499cced14c5e2976f757a5c64b523a7dacd6647a3ddd30e50e4b0ab4da60a355eed34db8bf8d54e7eb183bfc88a87ac22f70aeb1dbc87e221e1d80e13fbfce206fc2e0e53cd413ffefd406125843706cd4564be2b7a49d7337bf3de2b1eb961fbd42d8fcc3b3a7d75da52b34155a43032568d4d515f53de198ed806afda1510a30f6567695b5b6474b4a6f9c074c474c6ba73b869f0ba87d32b27de3d2655305258d588ccf5d98fd54e369a1b2deab6c50f5cd6b5ebfacbba611adbbcbd11dfe125ec48d012d555e44d0a6013a235d02035d546edfbbcc56436379153164d115b441715193ac05eeb953683526eafe7e7c2d081b9be4e45d935e656799d60c5fc2200072b90cf5e0d56978df9ff599fc70fcb417b3e56e3f57211e80436663099324130784940c445427e353ac1edec7538b7cfb6d82c15edd95843bbbd4463ef708acc2a47519d85a9b4faeda7bab9919ee60af770b3b97ecf7b17b2d6d6aae025cdc1f140a5241b95880d88a969f7d07bddedd52a647da57b5823554845d97788a472a9cad931ec0ec4c738908ab0bb0052b99adc5528f82dc8af132929b3ff2e7611cfd1415dd5b3fdfa0a74b802c52bd040c58e0afa661dba4a8722ba5dba844ea4c5d1e8b676d4deeee85a6946cd668e73182da06814e5d0386887d65866569b83f63239ed3177d851ded19c25f282092f44ab5358c3f6f2cf1c9e79fc547e8ea7dbe45df0abd9c8af7a54f33f73a5e51f36e51d3e76464512fcbe3e6935f92dacfb455773ed5a462f5732c1404dd9febe9e99ec739f9eaeaf2baeee8ad5d63569350ab9b69c29f1d5225a5a5b593500939779bd0e9c3ead52331ddcfaab63fb187d45f66b8bc74a4b673cfb9a5177517f6fe8cefdfbdfd361f755eba4c522daf84cf64733336ff3eb75bbe867b11c851526c8f11de4ee4cd0bea22f885ea08e53aff7bc7bfbd57baea66f9c466bd3687e1aed9a46778da31bc7d1da389a199f1fa7c3cc34435f79e5d115b4b482a22bc8b6d2b442afd8ae1a5a1cda73909b1c6a3c8e8efbfa51753feabf66c826ad94ba2c5c4f0005a45aed2d7a94d25fa3a79dfa763dadb7a9a59d21e40ea1106a97ceee9b99e9ab5c94b60fd9af914aafef0f99fbea6d1e4f1ff686c5576ad1f5e6abd4149e7ff10b39b0eb531a323b3d41423036f453e00acf9cc0ab91b3d8457a34a7f7ae9f2c69d5109779028a49eef459b26af1144ed04934d092c77b0b9e0e86fff92d92c22784b1dff00b266200474a16cc78f364e3596161a78011090fd2e0991d796098c44c98e5add7046cba5213ab92f91aefca3ed77a89c9d2575b3be9aeb01aabb49aca52835c61b6dab475d6506ff74c85caa233581c4d0d1e9d2d5083be690b584beacdceeaf26275556595a672576f675f638dbeda68542bcacacb554ca5a5b6dc52afd1b636b83a839d8dd9e77eae74d5ea4bac018860724bbb0f990c8c7c6c34fb2b9b8cadb1673aba0ee8b5b5cd232dbe6095445da27656da9bdb1aca226dbd131e2d5278db59398e758aea362efb865c57a9291fdf315ed1d0e6b3b24e682e33063dfea1605d89c2a62dd9b37d78b201ef0fde63b0655ff0b5b17264c31ae678f315fa356c53d4b19ee2eb0cc86140069f06ef13b6e297c4f7b434b2adb7b5d26ce36d8db4afb5b1b1d527a242d69a9a6e9aa36ec3bfd368b5d6197c763f05d05167b7283aec8a22054d2bc8c20b1f2969f081301f065af1dc1c4cf614d9f3e2b7de412fc826225e97e2877cf927ef9a73eb32213092877d73cb176cc3011f6fb9e4d868ca26d11bb4d62ad7ce8ebee47083a5759c6bdad96df5eebb71e795ffd8c1ea5a07c6eb0397048dbd437d73fea99aaed1d89ec46103fd24b29457aaa48cc6dabdd3ef19e97233f2c6de9d4d3d89edf5d158a939505756dd3ad6d8356732068a55fa44647c7f264615cc8bfaa9a51e4e2aada8603b9d547f35fead19ae9fd2f753d5fd367f5ba3bf54a6b6b14e6c722c25aee86cc3db1f1d78fba3b1a1b4c25ceec46693ddd8fe80c5394481d327c8bae56b37889d1a049f64d27a9aacf7f0448a4c9b843943deb1154cab105f907b25c7c654cbba31d512f5956b199f1b3ddfd4aa86350ca36e6dceb24d01b55a9335c92445258cc65d9b052fa85519b45aa6d3837eea6dd332065193cbad5230602b6a553bb77e5f53bb4aabc5932f4d89c6efa54debdf34b20ab9be48560c65d0a6c54b47b9360d88d74aabb54c0bb7fe63ece388f48a3e48d7323e10a6a4d8d6b19d523c88a891701fdb839c01a295d0262c7a89da433dd6933cbc03cd8da26da32814e046a69118d966a6f53333d349f13bc4f45e31ba7e1c4d8da38171241e9f51aa472c23f4d20c8acea0f119d43f83ec3381197a646664c6b8d75a6aacae45542daad5e891be51693346fabbbaecd37bc61bed62a454ea6bad663b1e9f993dba5233d20bdb53c272bba415ebafe0d060b5b4f7446e83058770f20fa74942380b28d79c2587677babab49c4c6c370f189b030a244b179b7758ee792123f083e8b1f6071387bbaecd26dd6408359a971b26a86e96ecfd6783c6a8d46ab624057cef8430c636868d5bac3066d45a5c9a0b05496b5595bc30d567db5c55252a9d5d6d6ce74977bfc2d6cdf7e8b659863df76a9bbd76d2c961767cf7a9b55ca5232bc0ccca561285b554c09f81b0d03d12dfb9b2231d36f37877a7b8c5a13a35037d5199da00795a573975e515554ea686fd89db4981d3886bdf99ab80eaca58ddad663f7da1b6c6a3ff2b7b575d4a8c0855469aae8aa26afd96fd0c8e57e39acea287c6fa810e3856882b7ca4f3e09437012c2fb097e35c1e0509df3feb0dce1dd4160c33c0ac23e3fe5866afab9ec63c525465d6d627b5b87c35c62361a35357e7da9be44a5eee644872e33aa0c0695aa9bcbb2fe26955a2f7a5ff6d7c94f5ebb8fed0a7538aaea61f5d1d8dcf6c81d8f8328d43aab95c566708f37a05197d86c5a8669f5e6def8f85f24861fa7f2fa4ef24729fedd5c64c70bf2376eae87559d30e3c47b43507f53be3d4ddabf8de485553fe4df4de608e6375f11f79275f45a4fd7aa14dd294108c92472a7842ca59d54a353ad96cb8ae54e79a9ae9473caf54ea75ca3639da54ebade6a5234fa745a092d67cc6a945b443fce2fa24fe1534ee439f9a393bc3edfc008e7599a33276fc82fa0b182f3af632ce55fc89d5bd58988ba4a36bfc5837f3123fc37a307975c8e273fd8e4e3d058eb1ef61b23deb280c9d46be90cd5b25a77a9b64cded193bd4dcf6a4b3c26d1333574937e2294fd30dabf5a67ac9258ad926d91ecf02707ed4d5aadd66dab722a5532e961fa72b68ed16ac4584ec25a0fe4aa26722a873929f6da216aaec7bb5b7cb998be5984ae12a184080d89768be826146ab33578bd6554036a6860facacc36c620639aca0d5eb3af0cbb0559c86cb52309b885270b96bad85bf31b70f0a7593f73ea71610a83f81f59cd29df79868e7f7bb5fadcba4df355f1b11add258eb5c97535d7a354e9d42a3d76c6fe76b06a996c0752720158739468347e1f7a9eeb045fae6394cd5cf6df9776d63b6d06860960b30daa0c2a305b3db6e2f5eb23c58c4c22f534d029ae5da5c4f64cc3fa1aebb1bf45a134f067b26223c869881ae9b1b4b5f5488df68a628d6dc86e1feeb1b5b887b6d9ebea8c6d411ccc5af17e84b1c25cc5ef47e476f1fda7603973f22cbf7fff38f691ad170f5d827dc24c0ddb2fd116077f5f379ee2e55b1b788980b8e8ef2aa4ba1e3f7abeb7475924574824a52ab5b33acbd67858bd54aabae41363332be552994c2ab138ea4bd00f3a3ad5b2e2220933ec69bb6640a4696856b16556aba55219ac5bff82cba752e92510846c3246a750b95d6fda9d5c87ee92f67b1a024aad0eefd7988c8ca7f60817d237d6569af8e82f9907f9eca32eedb1ee1b9db6858787b9b0830bda1c6eb7435b6e93a96999636cd85da2f69a47b41e3253a6f7995107280f119406cb8acc97b1fe9ce61508ebce490dff7d1a9c5cf545c3775e6ec26f2b9fab3af8277d05799eaf73fcb57ec9fc7f7ed6d4ab575796304c17879e70d483722111ad2c92992bbfb55da3522a148d0e74672d272f5629b593ff6aa852cb6844eb944aae167d2bd4c5c88a554545e5aa8a084c5d4b949d58d3da214058ad222da3ea685cbfa7d6ad9031229158a59ca3a3ce00a32e07618a60e6e185ca7d1aad58aa90c838271d6d6c563165bca08335ebf7393c0a7999448def7081d50f96b415269763d4dc4354313eb8768df5456ceda140bb0bc0708989f2db0c551a83df6b47c8d16fae0a997b4d647bd86167c69a35e60043e2f8774fc04434a7a19b76cef1d4f4f4092c75fc4253c49faff24beafc165a6e4951786e2d45e71f3991ad377459f0b263be8d35764d6b4399c6d6e1423fad6bafd3573769b91dbdb5cea1d9969a1ab12cdbe66931158bab5a03e8f1405b95b8d8dce2a16b18557eb96d53b0ed642655ad006b45caea4eefba5322de58b79b6d8686ae3aba8fedf098acf8e89b5d7fb4aeabc150b05b812538c8cbaf82c53f67680814c80d96da5566b2a7fea0cd61e7b717f3a70c173864f82324f4874be28fe219fbf38e375f14fd58f41ad54c1de9293fd8b0da40afd4a318fc2f433bcad02e3962982ab255e5d66854b7a9ee557d562556a98c2d5473b3d16c3255199bc1905576b5516d3448ec5e85c1eea87698cd8ef3172e67f9650b2c5a4e09b7be79f6facf96b4e6d7aa41de1e7d5de26075a01aaf4c25fc0f699fb79cc11339c73ebddbd2765d5bcde868a4d526cacea20f150576ad0d0e1ee76aea1556b595312ae53697f5c0c0e223ef1c1d3afec8f2fe77c57bf5af5a5a2b7d759ada9ee8b53bbb2efbc0625b6747e3642dda536f56ea998a816b1f5959fafaad13deed33b5649feacd172565209d266a9cbaaba72938b26d848e0ca2966da8a57bb09b0eb66d6ba377191286358368973ea1a7f7e8d00e064d17a39d32b45b8c66442800b2fb3c2a2bab556021eafa5cd5b51e0b556eab45f6f2f26a97c7dc88ad4c69aeb65be41d768d62c82ec91db6e160c02b0f9929e38d1a72fce6df74fc8643a4bf4b547802e7b05eec2c179d7336872e7b423a7add038772c773fe543236ea2f7ae24247bbe86691d61ec6a776fde4d4ce414eed069c95c5b461f6d3478772a7767af750eaefa21739edcdfeea62c779f81610889912b0332f15865998bdb4da680bd7374891c78ba45ece6b934821c8486d5c7dbd721b42ef942089a40d4bb55c19eeb5730dd2c6c6804d82aacd5eabdc17b097e2a7c885933e7cca7b821c6991e33efee70db006b63e99bfe148537e82cc8bbde42623b708665bb07ef05fe08c5752034b77077e9992707f094df4d6173471ce8632449b27b6079aeaec13978cb0e8134d5dd572454da73fcb5634bb4c8cb658a663b277a0af687c46cf688b99313a4d75db2caa0a05acbecd4e23ea941883bbfadb2f355559d462abce15f6ae3fcdf5d6ebf0317a670b52d174b645f4015a6a090ebb2a827ea75aaf2492a3b60bf020ea2c801bd1531868371da7efa27ff08781e873e783382bce167d50f2200fd2d50bc23dd27b8a1f2d7e5421521e61de753ea89fd28e6bc74bae2a04ddafff5a411fd1dffb7be1fb5bb0057f6d6048ff65a1b491873209c0cb00af02fc4739552e2bd7949797bf58f1e58a2f572e57b59f077d46c6844cb79a93e6c3ac947da6fa05abdfb6cfeeab5d711c722cd7f5d40dd68dd7fdb2ee370dd606ab53ec7cdef52a067785fb47eeffe210f73b1ebc5ffdff027ef06781d7b7600bfefac0c7f8ea7cbd5bb0055bb0055bb0055bb0055bf01780ebb6600bb6e06f1ffcb76ec15f2ddcb9055bb005ff7bd0d4d1f4c3c0e581979ae3045ecd41f0b6e06d2d8a96232d475add00efce415bd9ff93b0efa2f0cd1cb48fff1e78fe82f072c7a18ee58eab3bcb3a2d5de35daf74dfd4fd819ea33dff1942a1e290365411aa0ed587bca147438f851eebddd5fbb3bebb31f477f77f2adc11fef5c0ed5bb0055bb0055bb0055bb005ff6781a2a836fa9fc92f06e0c7252bc95d5022fe6e7e921391a72819faeb425a44cdd0b7096971419b22aa9c7e59484ba81a510e8f943a9c6f23a3381127a48ba9e345fd425ac5888bbe957b071752e99e14d28852eb7f28a4694a6af0086911e532940a6971419b224a69e815d2124a6b1815d252aa3ddf464695ebbe27a48ba93ec37e21ad92d2868f00662416e1a7468d1f25e922486b8c9f276909293f41d25252fe1d929691f4f3245d0c84d6886a84342f433ecdcb904ff332e4d3e28236bc0cf9342f433ecdcb904ff332e4d3bc0cf9b48ad11b5f25697901fd0a4c9b534cd2ca827206a79d7a92c62f8e629c3692d641bac4e923697d417b03e1914f97169457906b791aaa485f3c4e53411b4b41da46da4f907403495f46d28d249dc4695901fdb282be9405e5ca1c2f1fa758ca4771e48fa5a6a8792a0edf23548a4ac25f865aa39648491fe4d290c69f51284f90166ea809510b002c35016507e1fa0cb54c7271f88e43ebc3f019232d550083903b00a5716a154ac608f624f49beb6718b0af01ee15c0c302de14e04c50b3909e85f412d4a5f3fdb079ea39ca0fa9da7c2e48b9080d51c0b0046d59e8370afd601cb3d421a1ed10e4e6a114d7ae008dcb799eb01c12848f858bd2334764c152bd903f0035b8344a24b199471e4f4ae09425bdac40ed2ce117e7e600f72a5c9b26252bd02a4624c742796e3c224013964e825c9724b26d27d7c7498b38b5087d6249c7c8272b50946bcb92f26528c1f25bca8fe0061fb83e035424e0ca6590c214a416c9352c352af032016d178924737c4509955827628406ccc521c2efdc9fa44fe7b66cfbbd74604d3b08525b207db3541de048103e5379e9d6533b884497f35c07a12f8e0a1460e7716f601ea72601d3d45fd842e4e46fcb4afe56ac048fd6f9bab03152fd441b56a17d126482c7720e2021f0d5087f93045f12f0c5e12a5eb3d2441e182b1ea11da47d46a06098c8204668c6d2f652ad30aebe0b683de67b05e858225cf2fcce11ac19327ebb888c59a2ef6b44a6bc0c32f971cdb56649ef2cc11f27da1d2794c548bb2561fc5dc41f24493f4b8407feda59014b8ee228c1bd44466f115a65481dbeea00a123379ee78e4d46b882d794f4792573791e5cf9fc866e9c2f9d25928fc13558ba2e414fb03df2fdbaf2fd9ccb4182e8c42a91d32cb19c0bc96c55e034416c6a81584fced2cf957d8a68c01af15f09f05785ba7a61ec3c0d7faa6c0b2d21a79b69a2fb193272b379ddbf1007b9decfa7abbd400730273c2f19d25fce37a689f5ac11fdc16f0a4e128f11bd28a7bcee453769156ff929e193e78a4f631fb42478224cede1bcb5f178704becefde4a4779af9d144666037bce42128294d3c43762cf9610e4ec26b39c5c94c03c2c10ee363cc066ad7691918992744cd083f33ddab99650473c3be6b38df200c48947c67d1c227e2b4e46350a65584207a145aece23e0dc7f8e97ac17ac77c35b2ce72596a3e68f89437fa0df678de7e018cee1604d796dbe1ccaf871ca694d9cc4cc05215e6c68f75bc5b29c565e3c9ee1911bcf5bce72c16c811f6f5e0be2425f07892e27857177119ed3429ce17d0ff60c51227f7e9c737accebd5923023e17b4801563eae24f39a12a536e2f9b9feeccf301679094509ef586e09c1d7c7045b9d05ec8b828d6ccc715812d116049da9cbd178f1b1a570d4db14d161b4eb0b641423516661939f399fc7b7c047bc6f825c976b7d61efe63ac7bbe5647feed50b649e983887ef1c5d1bb3ad0dabd98844b93174117f9f22bdcce5f3f1020dc17e8b1fa165c0b6116179aa0f105ae242a45ac98f65a12fe1c7d0238cf832b192853c0d39bbdeac4b7fb8540b233ccf6561a4d9acd31b925825725cfc13c731170df06c302948265e40418c7ce23e37e47239b4982d881d99b7f0c7bce78f110e7211af6d93178f02c614f138179e5ff373bf5c94d9904f2e926dc8a8d0a76cbe6a99f80a7eac0e087c5f38e6462f32a2e93cf7cbc28c3243ec77815080eb0b23fa9faa01b9f836488549ed183500b99de4cde4b82402652c78d109a8d901b97e28ed871207b49814ea1d64a47692383408eda6498ce3714cc0e728e477111f3740b1248f73dba1fd28e0c2d786a919d24718b04d92961304f708940ec377586887afe8839269c8e3f436e205f9fe46e12a7eb5101162224fe91494b3790e375315213de6281b81dc04e01f146a43803b42f061fa71ff03243d9aa77340a03444648431639c7d40d130c9e1d269f81e877693a4ff10e199a77694f03000f53c2f614201eed92df0cab7c3f2d921d4e031c2f40d036c701522321824d46cc8af0fbec781728c7f1bd44e9108310657f6134e2789f4c282cc30b7c324b7c1153f527d841b2c552c837e488fc0dfb6bcec26c8274fcb4401b6cdb2db49ea375af1fc8584cf3e22b93192e347a38fe4a6c858e15a97309613848f737bdd4934314c5a8508c793790d1920dacb539fd34ebe8fb1024af8fef0d816d292d36af62d6c84c792ab9f1646fa7cb960a987884c305d93f99e2f86d9fd71d6c7f938766a3ece8ea492a9ccda529ced4ba59752e96826914abad9d0c2023b9138389f596627e2cbf1f4e178cccdaa5483f103e9f82a3bb6144f4ee16b86a36ba9950cbb903a98986567534b6b697c0d8bd1737eb6167f055dec447461699e1d8c266753b387a07428359f64075762cbb8a7a9f9c432bb5088672e95667b13071612b3d10556e811daa4a0537639b5929e8dc3d75c66359a8eb32bc9583ccd66301f91297638311b4f2ec7dbd9e5789c8d2f1e88c762f118bbc097b2b1f8f26c3ab18419247dc4e299686261d93d95588c2fb3a3d0cb446a319ac47d45d94c3a1a8b2f46d387d8d4dcc5e5942b6c3b17c744fce0ca4234cdd68d2466d3294c6efd8e787a19771d747301d21c5a93c6e393235379ec44acfde9e86a2279901d9b9b03dad9467632134d2ec4d780887402a4e66277246633c0c270341d8b2733acb7d5efcbf7c42eaf2c2d2d2480f3b95432e36677a556d8c5e81abb0232c86069e36236936267d3f16826ee626389e5251801171b4dc6d8a574026a67a109461c5d6697e2e9c5442603e80eac1149e7e499810a1896742e31877b70e16f321e797296d2a9d8ca6cc6c5623d826b5df89a5c078924bb3a9f989d2fa06c153a4d246717566258e972d4a7920b6b6c5da29e1fd782e680e1ada8e5d5004b331d5fcea4416e30081b1de0cbf3b8da8904ea12d04b26be8847399d805e63a9d5e4422a1adb2cbd282f2a503f6027055dc1e74a6609d43816c76ce236f3f185a5cd1205d34aae09cdf180004290cf7ce240026876ab5458d5e6520b0b29a20082a85dec81e832d09a4ae6553d370875f399cc529bc7134fba571387124bf15822ea4ea50f7a70ce032df70b46510fc34bd462191386d15cd88a2f647d4f092d86718ba7b1982f4f014f5834f1c3f105b04c22eecd768e45b9c9d255aa713c38cbc40a806f10411cae3a988e8264622e762e0d560bda333b1f4d1f049eb18c415630a270399b3a00d69ac44289124f93d3b33f9c0b4c50747939359b8862fd88a56657166144a2bc43482c8064ea30c64ddcb29382ab79ba9e50148b03c2043f0e176cc7ae2632f3b8b840dd5c82ba61ea73d50b09d053be6f8c2bcd3b5be8811811e6d0c52ea6628939fc1d2702595a018696e789c102ea032bd8789771a1a025c0a107185f8e83f7060c78ac05295d9054dee0a14bde680449132256e7538b6fc123368395741288891304b114b86442cbe5f1d94c4ec136f418943f962086d7c6ab78f440ea70bc206280f7c32643e8c146b6b4a12942d5f27c14b83a10df64b9d10246d3b8fb65709499040c11182f6fe86f25006c6f836176726c606a676822cc4626d9f189b11d91fe703feb084d42dee1627746a606c7a6a7586831111a9ddac58e0db0a1d15decf6c868bf8b0dcf8c4f842727d9b1093632323e1c09435964b46f78ba3f32ba8ded85eb46c7203045c01201e9d4188b3b145045c29318d94878a26f10b2a1dec870646a978b1d884c8d629c038034c48e8726a6227dd3c3a109767c7a627c6c320cddf703dad1c8e8c004f4121e098f4eb9a1572863c33b20c34e0e8686874957a169a07e82d0d73736be6b22b26d708a1d1c1bee0f43616f18280bf50e87f9ae80a9bee15064c4c5f6874642dbc2e4aa31c032419a09d4ed1c0c9322e82f04fffba62263a3988dbeb1d1a909c8ba80cb89a9fca53b239361171b9a884c62810c4c8c017a2c4eb8628c2081eb46c33c162c6a76d38840139c9f9e0c6fd0d21f0e0d03ae497c71616337cc795264fd84d73249b24e3940ad2115ac462e87fccfc84a2a579fdb4d8ff1bbe4a2f78bee173d2afa0afc3d247a58f4c9ad5df2ad5df23f42b65bbbe47fbe5d72fea4736ba7fc6f73a79c1fbdadddf2adddf2adddf2adddf273bdf9d68ef9e61df39c74b676cdb776cdb776cdffca76cd0bd69751122372f91f93f5667cd3fa33be698549d69862b3d82bde2ede26ee84cf56681d05cf87e7e9bcbf9a479f451f1651c47f86a07d9adcbb867108f78c53d49bd5d0fac2ff90f05d87efe08e2d240f0ae9d2653edd057f35a1f462d2c5f6ada5175cecb674fc908b1d8e6692a174f4002cd1cfabc3fb667c0b821f913ee0cffef7f0ade7bbb3dfc21db3bf5352dc707cf0f86f54484adf7bcc7e3514add20879d59c4a527cd9f1411417896954447157e037d423313a16a491f8de592ecab90a4a8c1f311f31521d04c688b34d1141e2e0dc8581f39e8350ccdeb576c3d74fcd255ed4dcbff746fff29e2fdef1ec671ed6a5259f3bbcb2fb2b3d7ffff6a17b8f29f670c7c42f70c744dfbe5744239ad6f9294a3c7e5a63d9dfb4aba695dcd83e8ed10a1c2005d0f90eaf822b9688a6c5121d3d3de9d5715a9c91e9e43ba3cbf389e4c14c2ae9d5700c2e94eaa413f1d8622a19f39a39232e91eb0c1b9bdf05a705de3aae16d78b7496c2fa589c9d4c1c243b9be37d21d6074c72e63295cfcbb5723e6f8bafd9dbbc1bb23ec87a852c97f9b3d027d48b2e52cf1d4335858202f98b8e213505e572fa1842d4b3b7de72e88a8a60dd4d37fff6c137343b8a1fbfdbf1dcae1b3f653fd3f7d0d0d0812fbd795be5b76e7af80bf3473f6d97fcf2ec9db1afeefecdcd677c0c25fae087bffae9e8d32707cb53f77fa4d231f33987fcdbefecfccd3fbfbcd3fd0bfa6baf558b5b1b1fd5fef743fff461c523f70dddffbdf9c5eb7ef1f5cfbc32f3919dd7e96e3a3db3fdb5375f7fe474cd970e89df7e69d97beff8b5567fd577af78f1b593a3cb7f774bbc681b7a63e8373f3a7eead948f086ae12747a802a7e6df791b1f664c7c38e96f59bdfb6f2deaa57546ffbd8b3bf7ce387bfe45e79e3b7a6a74ebec4beeb7f9e7ce3b1179a44bb7ff1d0fab7b7b9ad352787262d5f924cfd4cfa4cc3b51f3afbdafe775ecaed3af2c5679e3e7dfac8d2ee1ffee3bce76448fcece5bfa5456022ffed183a0012d9c7e9409626bb58c9c9253250f1a222a948c4997021232e15ebef7ca1f9b7cfa84be386e66ceaab6ffce4d437fea5e84a2e8cabb5e22eaee3a36d5c4b6e4014171bb0524e8feb8b742a9fdfd71a68753635079b827ece82d158c5e55ce911fd4bbfdb7ff5976ba89917d3a35f78bd3a63f5bdf4cb4f723b70038b788c1be1b6df1bb977dbf1b0708c309b5e702fe6fa72cfa6163d4b8712b8d4239ce22c7b8014505a5059d0d6fd585b1bb96023d7ec8646dcee1cab088947b9616e2897e7e8e35d4217ababab17ea229e7e4bdc194e8969d621f4a698e6a8730c5684d5ef13de1ff5f7c9a6b2d4ceaf5f65bbf5be9b6adff5992b7ffc78f8635cf0dfd2b717ddbe9c7ce6331ffccf9f7f2a34e07ee52bafbea87dff277ef2d3877ffaebab1277eca0ee7838f5cc6078f6f66f5ffaade78657c72d1f57bce4fb74d54f7e97ec6eb5cf496e5c967ff6d65b6e3cf59daf861f7c7ce43a8b28a8fcd5534fb63535685ada8b5eeefa71645c3bf7d487def372dfaf9ef8d73357dc54fbc0c8bfddf465357de43befbfefd98f49fec52013394aee7ee0b5078fddede8ae7efd3fdc573ef0bd079f7d21b93a74edb8a95af381f9ef4b66540fe8cefcc3a1f7a0830fa44eba1b4cb7bc9c9a9bb87df2c35ff9ddb3fa83d1d2374aaa5f174747bfb4167e73e5b2b7df75879cb18927aefdbeeabafff1f4f78e3ef4d83503e1a468a4813b2659025737c3bb3979543931cc3fc373ae773b7ae39fc57df8388e771ff51bf513a9143482b14dcc2566a399381b5ac9cca7d289cc5aded1c167906bf6714d9c37881d5d80cf0670f6ffba23fe7d2eef674c6c7cede0174ebcb05e4c0ddffdde4ffeaff6ad33aaa96d5b93107a472074e9d2d9211040e95204e9a14907e99d109ad40401518a0858401090224551a44b4790a220205d90264d51144450c0971c1be71ccf3b6f8cf7ee3877dcf17e65afb5f62a7bed39e7f7cd6faf7c34755d551bebef30d72f2e080cf352af1f92bb5499cfb9b3e3845d800e26efa95d275d764aed133539db1c4e3a2f2e724b4584b926efa4b7968e0723c9f4c0605b3ca75fda93aac89395e5a4638fcf8d7840d38ea6f60928bd5edc97ba6a36cc61adb555212c3e1cf3e094d2f6c54a9168748fc8fd631af3eb1a5aad5067e36ef6468e87260e66a86d973a7e2ea969ebc282749b52c1a827c315d92f09ab4e0f553074b5769d17203f1549f2fa0bf55a14bdb40e7d619391e587c289990b1427824662348769eb3a974bde5c701723b2b2ebac14b6bccecb6eab3ecfcac0e923d3cb028f728fd7bde9ee7c3a387518e84f3ffc3de4e1f015f402a02526fb06e68c2008ce0a090ec4bb5fc621961f1d18c0104a4e721c67c26759c70954000a7c4f1a087e985880e687ef130184b89fdf45b8e12dd3dee4e53c2b07d70185b48b96a37d19cc0fffb7110e67b738abc519ebb72884109384ff5f45b8bf181b0d60b2f08be68260d201cc250093fc6373c409010c0650f83e1518c404fbcba90c4e6a4938fa9cf697386e8094707472b60ff0448bbba2bd00e51fddc18014a72417078efae2ff108327abb6b8c4c4e79bec11822b21bf09324e3f6429712e8e3fc55cdc0b6645bf35d3170a7dc814135c6b30c4b34b965586bdb22df54558f44a3afdcb85e6fee6d4ae79a9e2494ced734e82a641699ff2979121e9412fc1cfdebd1a7ba2c7c9669fd766c1cbba9e70cbc150dd85745e499e33751b888176c929178e52dfe7167a5990eb96c093fa187d752957f3f87b64590b0de016b93fc8cfe5e5633ff48264781c4520ea161ba86038592877a25bc6de8b640ac9d25b3462dfd63c175d4a33e391993e122e6878375edb303fc3b3abe6b0362bb55bf1e8f3d688012ddf92eadb0f509aa7a19f0a47f20a635fdfa255cb3c5d5de1164ffc4823f60cb3d2720707f770e80e9857ac43a5b79943a78be9edbdeb91bb3c27b5ce7b33ce1746065a0e20435262b286072715fca537e4ef18571869bab7941c4a1f4ca29bb8e6622399f0592666e07940ccf5b84e0bb398b6e629aae4844cb157956ffa8f0c55d9b87dca6782808af85cfcfb75f5aba7894caf9cf9b862a4bb1944a41fd33946f12e694d956c802a709ed734984700d1d4732fc1bb846321664213ee909cdf9d02b7f5e3542ebfead4cdb3accacd7f9e5dcc6e5c265e255e988966d45e3ecdd5cee8ed88e6b59c28e5378c9820c5eb33486656030ed9f44c4e67f8a12372d0e038449f5ebb6dc507054d64f5cccb490a7b05e1d14ba27d32168acaaab0fcc3b4a46da6d79bf9ac0dc159ee2183d0a189d6b42492507e3fb55262f7c5679d2f78332e0774c0b02c890096251ec7f6019cd9fec3e1fa2fb9fd8194210773171f76be193219218cf2604e825bc9cf12058c1a38d8ca0848fcec0881f140b86c0929a6af1d7ba7405e93dd0c2c1f3d570f94db71127b28bf158dbf74e49d4338a076a03b250c0148e53044d1fff9eb592e7b142bdea3fdbfbaf41f7cfa0f0804c18208b87c985349c9ae78b15a743ced57aa4be45fa0987661b6d514b5647f7cea4c2c1b54ec124fbd45f63b271a905aee93a048a20a2466a2738986ebca60a78af2f372d2c17998ef289f50bfc11dcdb1ba7a754da321af13a7602b8671d9e466fce6a9efc06661361e4228cc4c42606eb579e221b02c4fad6595646878ddf8b0ebc23dbef55ca926c59582a28b3c8ad4a33c776f29dd8ba3bed23c640d819a1878f5f8b27decbc254ff6e5a364d2be448e8746f3d127ad1dd94c339e2e370db8d93cd345976a816854f296f470fd42e8c8911bea7ea2fe8991a177545987808ed6e5ce9009dd3b355fa6f59843fb1e918229ba4233ed3b8165e1c834b43ce2c8fd94a8c7b95828238085d2fdd85e4242100c0b050158a6bddf25a34c6f7055ab6010e19f93512cc89c98e2fbeba4c5e5a35890266e6f8fe31a9470f6fc6de8b3a7c80941bf483cd90a4a0e793257a8b1eebd819e6c9dbc5fd7ea842d54373b76d500fd45085ad2032676883dcef05a95995e12c0256f08982c80e33480b4b88cac050089028336733063f998610033f82f711a3140e46beec0f7b35d0be5e4893f62a1efebf4f52e7f2e1dfc311427479800c0f7f5760e63577bfc51186324924b1da9874b43a424c5a454d51162c725e55460fc00ef575f64ff392cfe349b18126defe5cb85fc7ac42b074be704604918707474f767d60d8a53657286586d6c26e2550450dc1f7969d8bf6423be3d19e1218e5faef8f739370c909485c949cac0e5f054140ec070f9f6d7e27fe47b02b0e03ff35b309edf8271fc1687ef4d6ec12ca715086f0ed091c6612e12c8df29da913d933937d65248e10672720a1c2aa9e788ed9e7b1d7042431bc334db9047a5eddc5039492770adc66d63a87688f69cca8706868207396f5fda5f300611555fca12975c841c315970298a4b6c17bfa5ea4b91f4cc5dc3ef3949befbf17d96777728e18d292917d5df92160ac6cf921d59756e8fa974c3745007b66c5c7dfe29c5ef01e6fd614caf5ceab1f35cfb4532173c13b651d01b8c480d5bdee383142b3b72e1dcf7f4b9435c6a0a4e44975f1556b2c95855e5654859881a1a8bea2a67912247c1fda43b966e08a5eea67b23fac69b74f5170a6eac7b99b16d8839654726ad9645ab091a39b2249aa3ad59c4d7ceeb149e345d0bea200c6bb24b8d1d49f7bf000429499a1948507ab430f45218d7a98e249edde96d7ed80e1ac90837d43f3eeb70c331e3cae0328a394cd9323746c2a0aa9ad32f3192b32e3286cfbf8e4b9a8f2d18f4a9075e17489d80247cd197fc8a68c8c2e9bd9f4ba5a71f80d21bf7f3367ba69f5421ef7b8540f0ca2eb305bb866cc8805dd147529faa470c97dfcc9d3e4eb03b9046469a6c1c5bfb5663ae7321a1df2c7f88096bbe859630107db1899951b7893eb16e1b1716262b905cbcca97fc9e657bda8dcf3c3ff628dff6d90affdc5611a650ed4509fd90aac1523b1f49ca61ff199506dea00599f641773eb5328b4c0f03b85ee58905d494f81bbf57dff93d021714250fb0791ec316a67a15317b4cc494bdffb58b4a5405895cbf23e5378a18ad096c1caca3375f0e3a15b121a559565080ed57526e0e9802c639463906b17aff1d63f6f1f5ff8d97ff30607e49e0a709e30a38d7e5c79f6386018230a1dfd8b9e701766e07d8005607d8b9c1dfcef59da0ffcf66fba322f10bbd87f45794b9ae3402394e7f93c058f74b1073927f47dfd0c4eba212be3c17618a3923a513b0f5865d63c44dceb4f623c103520f1e97aed576073c33740a778364b5075dbe951bcf25cc05ef0bb07c3582359f193080cc6e885fb97d266549928a41c2097af8d8bc3055adf11cdc47d30bbddfb803965ce35af1330f174c8458e5567bc7bb9108bb6b4c6ae8c8a0f9c9a82b1f39685f8ece9f5d8fe2a5b2d287f1bc918f15491d6a72e5297e24c054f3b6bfbd7099f429e2b47da7e6706bc34cd6d1ba9eba1ef2e5a04978b9ad9ea78016fad24acf7b530a091a35804f03de8d352e8c084fd3542dcf4ec01e937dfd98928afc46b740085d9117107cc13f737a0e4113e368adb5a97b26c40134d252ba66bea7ac78bee6f5eec8fdeb62d077b1c8eafdb6ca0f3a8ad47c7c0a0feae5b286ee1eebad6896641bae267c7c05454a553c0dcd7f604dafb9333647f5d4954e4c405af469eb0cf6eaced58f3309949e88d7132d79d197e6c6b023b41d91ab94175e54843e1b1959b35a5efb485c363ebdb97a2fcaa0fa5484f5194ad411f4bdf18abbaba62f86b01936e85639d14d658994b0ccfbeffd8bb9f71a76dc12148f40276c66ee6f88505c2ecae469ceaa399f72f3de36d16c2b76830e6ef7d988bd8774aa2d70d5bcf086d8d344a16d4f9f6dca97dc96518aca3aea1f3c297d0d4cfc8437250606e9c0de16d4b020aa0cbb66b145ed73836587223770b8e80760894efdc44502c68e258f6c70a6d6b5dff41ac67f6fbd062f4ce38051565252521a079270e06b118e2ffec310fe7768b6305ba8b35489e2a608c9eb1de50b69a41ec60eedbdb94e423258eca917d0d5236db6058af4d49e996bac5384dac1bf58e93f72fe988ef4b3988bd0b6d8af45b8c468f05256251eea0f926ca1655eb60b77378a56ab294cd2f02061d8e808fc106bf0bc55adcbcfca102693432eeb9db8364a3326800c93b3079f7958b287722be7282ddb4234490b384e5c3d56cf1a0abf1d65199140cb9e65b45fbdecc0ffdc9da6df7a733f09d93ff23ac654f7ed544362fe7c4a72859ca8e1f5155f37aa1e84986f12ac4b5ab071be328eaf7da63b39a2ca38f9f9272293ab5eaec732341ad7f2ef9c119229eb7d15adbea4e1dd2339dc120b58e98bce39543ca99b4b3cb770b90ca4fda0c9af186ae96237bd7d29859343618fabdf3f5c254323e0c9435ba929faf891bd02aef088ddf16cf517d52889c970dba8fac99208c46b84ce9688f72d7ac3e566221c1bf02fd49541a7b14b6169d669dfd76832af152d5f0b53d2992cb769db181ef35738aed70a97d3490237a8ba8ad3ae9e35d4981b687467b6b007f9f7b8e4d98c0a0682e7e0cca8d122aef5b64ff4e4a3a77d28bb118e172c730aa3b9ad6d01744a5ada589dc10e45bcfd0682589af9ace6e473b681bd8a67ec1d1e5b564686d6f493fcf5e50644673c3be838506f13778c1ec640535be4192759651e9132322b0597aa577fe08cb39948ce6642b975de09ada951749f13bffd1dcda67068360ed01f54ab887e6bc391a61f75603cce091719ed3b3ecc68c2a6c86b480bf5d37e9180bc390083bf4439abaf2a8e0980040c8929bf0da7131d8e4b915500a503220efcef10490dafe31839f9faf8bba17d5021bfc938bf8499ffd7d10eea68bf00dd2c93f05de1dbb3a2875d40303ecbd96cd4c9dd629f552b866a453d4dc7e07bc4a9571460f02ab9d1363f84d284a367d8d30039af0734b085b6e4cf9e03b969cc3c6f569c5d8e2275a7aed65773068f21c4af17634d0908ef1235c52fbbcdd493bd097de1eed324d4eb3da674220034ce3ced85a5fce0c56bbc108c0ce033ab9bbab191a4d0b9e1fac2692bdfb4e4637ab5a0c991a77c8dca39cd2cd5f4f474d60a4766942fcb967ddc118a6f6f80de358e51bdbf4b997d81257e699dc21dd386615165310a388f68e368b7f71717f508f55612250b665849a928b67ca175134dd9f03a256a5061515bd1f998fe83d84f92ace3973793b752405b7d9de8bd2d1d940f6d6900d02175f7cc98c13eb9f994b2fc2363afacd3e813a2f7f434c55a19207ecd8e3b7c4dfe5e3d49648df741665ac68ee3fea3919c966aa0240b96140faa1bf982cf5d5804f9ea654f66787fe636f67057a7d32c7e5773a76b39de463f6bf0a94e60959931d93d37905a4458aebda7ff3ef983d72ace0a6e7bbdad2a5a1111a94dbddbc7166a189b2bfb140b6086671b9ac1add8bc502807637ca2effe52d55341d6788a64c444bdce4ee617f215a96d3e69179119aadac5846b23b33cabeb475415f8d316d1684bf7816cc5b5881c183cbca17725b459d6576de0e2bbaed2a3e78f923a448efb9e46ea26bec17a1510d1b6fa11bbd3567298c0cdefe7fa3abfcfc5829fe1604001af53614104b9ffb9a9771e2f39ee1949888944a809c1ac848c04c141a9c6104162b5d8b64e3bfbb5c8fd68b6e88d1c4c348089ca8ff887f1fa80a3121111808908164d3f17003ccc34df2413193cd79096b1f85121fbad024003477fea3310104c141006c8bf0d80ffee800baf04603009ddb70bdaf9afade6bafcf856c481be60bcbcf843e6c3ab3de01c728014df8d9024972bf7fb352836e70feb25c460082e3a113f2a53900e1e162adf9c13d76caca56b836fbab17d11a962f1760c89716f6d11df912b17733959ba23cc755a61a6e2da21d8d587f90155ea1393329b5d0199c63981209f9eb4a2ee739f9aeb982be7870cca766fcaac6dc891b1d90df4235d49e491c855bff52c3014e46bfb643d6654da99493680c886675b554e958317868550015808d96ffa6bea3ffb3aff52e339a8be6241da00eb41f995ea771adc9f14d6c8e2560447645b85eacbb1c69c4f223d23ae822f31d83a8212f145b4d2ec932a00f3e9c0006009186615c02c01980500d308e17a28ba9e73c83be770605b4bf54926fb7ecc309b489b73183362099eef9991690e60aefe1bf8c1af370ef7f0375de538f272f2932944501fdbb72b388c7c0f4b6ddd7eecb8d8dd9c27410cbafd07a48360c1043a87046c67957a7b7b013bb910d4bde7264e1391e487373f42ba411766cd3e1dbb65d733d20dd1bbe868de5946c2fe2493ba5ea94d6fa16de6f20525e54192679d36d42cc4c3e8016944ef1a47a82501b48735e01288f38433494941956efeab5b92e4fcd1efb5f214c41d685638cd74da0b677cd12fc62e7810c7f6746f3c810ae77390a879a2ac2a2ccfcbaa6d813b18bbb8109b59a11a8c6d0fcfddde0b166e2f9a3d748745f12c5a3d261571e8f849b3416f157e4f36ff24eeb7816dd6d12baca683b2916dbd6155196e8d25dca881853881ea6516068b1daad594ca1c65baea4ae6329adbef05abac37a054643e67123054a2ef231dbb5c9f2f95ad7c3e4950d43edb20e2e7fae874efea240de148f533c121bb58475d0871dc142398ef457a07e6fcd450b6a2f4337655a73077de359353230a7dad1eb48f34ec8d6a5f1654d1c8eb91304ef32d378f47b57d909864be6da276ef238bf8eab5db55fa23f4e49b9677de87e43e1123da1358a23452f668f46f693c579a0b51efbbabcf7b6931218032a3c587c1b62b41fe9cd09db26774c88645eee0e9f34ff799e2cc04085487899f80a67bd82b618fe600abb78ad470a17cc93b0dc5bb641479665f464861562227a2d312daca2db5156a896269cc4f1248dd8271ddca630e5451528f6acf84aaa3536e28d9add7767a0457774c39c18406b9fda4b8555abcaf8c7e262eda0f54441010fc173afa98990d0a656e6473747265616d0d0a656e646f626a0d0a33382030206f626a0d0a5b20305b203737385d2020335b20323530203333335d202031315b20333333203333335d202031355b203235302033333320323530203237385d202036365b203530305d20203136395b20353030203530305d20203537345b203638325d20203537385b203732325d20203538305b203636375d20203538325b203838395d20203538345b203732322037323220353536203636372036313120373038203739305d20203539325b20373232203635305d20203630325b2034343420353039203437322034313020353039203434342036393120333935203533352035333520343836203439392036333320353335203530302035333520353030203434342034333720353030203634385d20203632345b2035333520353033203737305d20203632395b20363732203435362034323920373437203436305d205d200d0a656e646f626a0d0a33392030206f626a0d0a5b203235302033333320302030203020302030203020333333203020302030203235302033333320302032373820302030203020302030203020302030203020302030203020302030203020302030203020302030203020302030203020302030203020302030203020302030203020302030203020302030203020302030203020302030203020302030203530305d200d0a656e646f626a0d0a34302030206f626a0d0a3c3c2f547970652f4d657461646174612f537562747970652f584d4c2f4c656e67746820333037343e3e0d0a73747265616d0d0a3c3f787061636b657420626567696e3d22efbbbf222069643d2257354d304d7043656869487a7265537a4e54637a6b633964223f3e3c783a786d706d65746120786d6c6e733a783d2261646f62653a6e733a6d6574612f2220783a786d70746b3d22332e312d373031223e0a3c7264663a52444620786d6c6e733a7264663d22687474703a2f2f7777772e77332e6f72672f313939392f30322f32322d7264662d73796e7461782d6e7323223e0a3c7264663a4465736372697074696f6e207264663a61626f75743d22222020786d6c6e733a7064663d22687474703a2f2f6e732e61646f62652e636f6d2f7064662f312e332f223e0a3c7064663a50726f64756365723e4d6963726f736f6674c2ae20576f7264204c5453433c2f7064663a50726f64756365723e3c2f7264663a4465736372697074696f6e3e0a3c7264663a4465736372697074696f6e207264663a61626f75743d22222020786d6c6e733a64633d22687474703a2f2f7075726c2e6f72672f64632f656c656d656e74732f312e312f223e0a3c64633a63726561746f723e3c7264663a5365713e3c7264663a6c693ed09fd0bed0bbd18cd0b7d0bed0b2d0b0d182d0b5d0bbd18c3c2f7264663a6c693e3c2f7264663a5365713e3c2f64633a63726561746f723e3c2f7264663a4465736372697074696f6e3e0a3c7264663a4465736372697074696f6e207264663a61626f75743d22222020786d6c6e733a786d703d22687474703a2f2f6e732e61646f62652e636f6d2f7861702f312e302f223e0a3c786d703a43726561746f72546f6f6c3e4d6963726f736f6674c2ae20576f7264204c5453433c2f786d703a43726561746f72546f6f6c3e3c786d703a437265617465446174653e323032352d30312d32335431313a33393a32322b30353a30303c2f786d703a437265617465446174653e3c786d703a4d6f64696679446174653e323032352d30312d32335431313a33393a32322b30353a30303c2f786d703a4d6f64696679446174653e3c2f7264663a4465736372697074696f6e3e0a3c7264663a4465736372697074696f6e207264663a61626f75743d22222020786d6c6e733a786d704d4d3d22687474703a2f2f6e732e61646f62652e636f6d2f7861702f312e302f6d6d2f223e0a3c786d704d4d3a446f63756d656e7449443e757569643a43323138393639342d383034362d343646462d384542372d3032323142303943434134363c2f786d704d4d3a446f63756d656e7449443e3c786d704d4d3a496e7374616e636549443e757569643a43323138393639342d383034362d343646462d384542372d3032323142303943434134363c2f786d704d4d3a496e7374616e636549443e3c2f7264663a4465736372697074696f6e3e0a202020202020202020202020202020202020202020202020202020202020202020202020202020202020202020202020202020202020202020202020202020202020202020202020202020202020202020202020202020202020202020202020202020200a202020202020202020202020202020202020202020202020202020202020202020202020202020202020202020202020202020202020202020202020202020202020202020202020202020202020202020202020202020202020202020202020202020200a202020202020202020202020202020202020202020202020202020202020202020202020202020202020202020202020202020202020202020202020202020202020202020202020202020202020202020202020202020202020202020202020202020200a202020202020202020202020202020202020202020202020202020202020202020202020202020202020202020202020202020202020202020202020202020202020202020202020202020202020202020202020202020202020202020202020202020200a202020202020202020202020202020202020202020202020202020202020202020202020202020202020202020202020202020202020202020202020202020202020202020202020202020202020202020202020202020202020202020202020202020200a202020202020202020202020202020202020202020202020202020202020202020202020202020202020202020202020202020202020202020202020202020202020202020202020202020202020202020202020202020202020202020202020202020200a202020202020202020202020202020202020202020202020202020202020202020202020202020202020202020202020202020202020202020202020202020202020202020202020202020202020202020202020202020202020202020202020202020200a202020202020202020202020202020202020202020202020202020202020202020202020202020202020202020202020202020202020202020202020202020202020202020202020202020202020202020202020202020202020202020202020202020200a202020202020202020202020202020202020202020202020202020202020202020202020202020202020202020202020202020202020202020202020202020202020202020202020202020202020202020202020202020202020202020202020202020200a202020202020202020202020202020202020202020202020202020202020202020202020202020202020202020202020202020202020202020202020202020202020202020202020202020202020202020202020202020202020202020202020202020200a202020202020202020202020202020202020202020202020202020202020202020202020202020202020202020202020202020202020202020202020202020202020202020202020202020202020202020202020202020202020202020202020202020200a202020202020202020202020202020202020202020202020202020202020202020202020202020202020202020202020202020202020202020202020202020202020202020202020202020202020202020202020202020202020202020202020202020200a202020202020202020202020202020202020202020202020202020202020202020202020202020202020202020202020202020202020202020202020202020202020202020202020202020202020202020202020202020202020202020202020202020200a202020202020202020202020202020202020202020202020202020202020202020202020202020202020202020202020202020202020202020202020202020202020202020202020202020202020202020202020202020202020202020202020202020200a202020202020202020202020202020202020202020202020202020202020202020202020202020202020202020202020202020202020202020202020202020202020202020202020202020202020202020202020202020202020202020202020202020200a202020202020202020202020202020202020202020202020202020202020202020202020202020202020202020202020202020202020202020202020202020202020202020202020202020202020202020202020202020202020202020202020202020200a202020202020202020202020202020202020202020202020202020202020202020202020202020202020202020202020202020202020202020202020202020202020202020202020202020202020202020202020202020202020202020202020202020200a202020202020202020202020202020202020202020202020202020202020202020202020202020202020202020202020202020202020202020202020202020202020202020202020202020202020202020202020202020202020202020202020202020200a202020202020202020202020202020202020202020202020202020202020202020202020202020202020202020202020202020202020202020202020202020202020202020202020202020202020202020202020202020202020202020202020202020200a202020202020202020202020202020202020202020202020202020202020202020202020202020202020202020202020202020202020202020202020202020202020202020202020202020202020202020202020202020202020202020202020202020200a3c2f7264663a5244463e3c2f783a786d706d6574613e3c3f787061636b657420656e643d2277223f3e0d0a656e6473747265616d0d0a656e646f626a0d0a34312030206f626a0d0a3c3c2f446973706c6179446f635469746c6520747275653e3e0d0a656e646f626a0d0a34322030206f626a0d0a3c3c2f547970652f585265662f53697a652034322f575b2031203420325d202f526f6f742031203020522f496e666f203134203020522f49445b3c39343936313843323436383046463436384542373032323142303943434134363e3c39343936313843323436383046463436384542373032323142303943434134363e5d202f46696c7465722f466c6174654465636f64652f4c656e677468203133373e3e0d0a73747265616d0d0a789c35cf3b0e414114c6f133d7f3becd9528b522117b10b10eab92dc5a610f58805d68d42a9de63abe3f539c5f26735e63e6a7eb82c768f6e5047711de223d8a6c015b78887c258a25ece120ca8da8d66689f79c590d1388d04005bfcca9d7d5f3ff2d40023de8c30086308231a490410e05943e21eeb460f31467be7979896b2b6efef601617f12eb0d0a656e6473747265616d0d0a656e646f626a0d0a787265660d0a302034330d0a3030303030303030313520363535333520660d0a30303030303030303137203030303030206e0d0a30303030303030313636203030303030206e0d0a30303030303030323232203030303030206e0d0a30303030303030353036203030303030206e0d0a30303030303032343636203030303030206e0d0a30303030303032353939203030303030206e0d0a30303030303032363237203030303030206e0d0a30303030303032373837203030303030206e0d0a30303030303032383630203030303030206e0d0a30303030303033313133203030303030206e0d0a30303030303033313637203030303030206e0d0a30303030303033323231203030303030206e0d0a30303030303033333933203030303030206e0d0a30303030303033363330203030303030206e0d0a3030303030303030313620363535333520660d0a3030303030303030313720363535333520660d0a3030303030303030313820363535333520660d0a3030303030303030313920363535333520660d0a3030303030303030323020363535333520660d0a3030303030303030323120363535333520660d0a3030303030303030323220363535333520660d0a3030303030303030323320363535333520660d0a3030303030303030323420363535333520660d0a3030303030303030323520363535333520660d0a3030303030303030323620363535333520660d0a3030303030303030323720363535333520660d0a3030303030303030323820363535333520660d0a3030303030303030323920363535333520660d0a3030303030303030333020363535333520660d0a3030303030303030333120363535333520660d0a3030303030303030333220363535333520660d0a3030303030303030333320363535333520660d0a3030303030303030333420363535333520660d0a3030303030303030333520363535333520660d0a3030303030303030303020363535333520660d0a30303030303034343231203030303030206e0d0a30303030303034383435203030303030206e0d0a30303030303437353232203030303030206e0d0a30303030303437383539203030303030206e0d0a30303030303438303234203030303030206e0d0a30303030303531313831203030303030206e0d0a30303030303531323236203030303030206e0d0a747261696c65720d0a3c3c2f53697a652034332f526f6f742031203020522f496e666f203134203020522f49445b3c39343936313843323436383046463436384542373032323142303943434134363e3c39343936313843323436383046463436384542373032323142303943434134363e5d203e3e0d0a7374617274787265660d0a35313536340d0a2525454f460d0a787265660d0a3020300d0a747261696c65720d0a3c3c2f53697a652034332f526f6f742031203020522f496e666f203134203020522f49445b3c39343936313843323436383046463436384542373032323142303943434134363e3c39343936313843323436383046463436384542373032323142303943434134363e5d202f507265762035313536342f5852656653746d2035313232363e3e0d0a7374617274787265660d0a35323538310d0a2525454f460a332030206f626a0a3c3c202f54797065202f50616765202f506172656e74203220302052202f5265736f7572636573203c3c202f466f6e74203c3c202f4631203520302052202f4632203132203020523e3e202f457874475374617465203c3c202f4753313020313020302052202f47533131203131203020523e3e202f50726f63536574205b2f504446202f54657874202f496d61676542202f496d61676543202f496d616765495d3e3e202f4d65646961426f78205b302030203539352e3332203834312e39325d202f436f6e74656e7473203420302052202f47726f7570203c3c202f54797065202f47726f7570202f53202f5472616e73706172656e6379202f4353202f4465766963655247423e3e202f54616273202f53202f537472756374506172656e74732030202f416e6e6f7473205b3433203020525d3e3e0a656e646f626a0a34332030206f626a0a3c3c202f54797065202f416e6e6f74202f53756274797065202f496e6b202f4372656174696f6e446174652028443a323032353034313332333530323229202f52656374205b3431342e3839203432382e3231203531322e3033203530342e36375d202f496e6b4c697374205b5b3435302e3039203434382e3236203434382e3839203433372e3436203434382e3839203433332e3236203434382e3839203432362e3036203435342e3839203434342e3036203435372e3839203434342e3636203436302e3239203434352e3236203436342e3439203434352e3236203436382e3039203434342e3036203437312e3039203433382e3636203437312e3039203433342e3436203437322e33203432392e3036203437322e33203432352e3436203437392e35203433362e3836203438312e39203434322e3236203438332e31203434352e3836203438392e31203433382e3636203439322e31203434322e3836203439342e35203434372e3036203439362e39203435312e3836203439382e31203435352e3436203439382e31203436302e3237203439382e31203436352e3037203439352e37203437302e3437203439322e37203437342e3037203438372e33203437372e3037203438332e31203437382e3837203437372e37203437382e3837203437312e37203437362e3437203436382e3639203437342e3637203436362e3839203437322e3837203436352e3639203436372e3437203436372e3439203435372e3837203437322e39203434372e3636203438312e39203433392e3236203438392e37203433382e3036203439362e33203433392e3836203530332e35203434352e3836203530362e35203435342e3836203530372e37203436352e3037203530372e31203437372e3037203530312e31203439302e3237203439322e31203439362e3837203438302e37203530312e3637203436392e3239203439392e3837203435362e3639203439322e3637203434342e3039203437382e3837203433362e3239203436362e3237203433352e3039203435392e3037203433352e3039203435332e3636203433362e3239203434392e3436203434322e3839203434382e3236203434392e3439203435372e3837203434392e3439203436332e3837203434382e3239203436382e3037203434342e3039203437312e3037203433382e3039203437322e3237203433302e3239203437322e3237203432342e3239203437312e3037203431392e3438203436352e3637203431372e3638203436302e3237203431372e3638203435362e3037203431382e3238203435312e3836203432332e3039203434372e3036203433322e3039203434322e3836203434372e3039203433382e3636203435392e3639203433382e3636203436362e3839203434332e3436203436392e3839203435312e3236203437312e37203435362e3037203437312e37203435362e30375d5d202f462034202f526f746174652030202f4954202f496e6b486967686c69676874202f4253203c3c202f572031323e3e202f43205b31203120302e365d202f43412031202f4150203c3c202f4e203434203020523e3e3e3e0a656e646f626a0a34342030206f626a0a3c3c202f466f726d547970652031202f53756274797065202f466f726d202f54797065202f584f626a656374202f42426f78205b3431342e3839203432382e3231203531322e3033203530342e36375d202f4c656e6774682032333230202f5265736f7572636573203c3c202f457874475374617465203c3c202f5230203c3c202f424d202f4d756c7469706c793e3e3e3e3e3e202f46696c746572202f466c6174654465636f64653e3e2073747265616d0a789c55984d92e5360c83f7738a770247ffa2ae912ba42a93456793dcbf2a043eb9a7b2eae6b34c51240842ae9ffa29cffafcf3f3c76fbf97cfcf7f7f8c319eda3f63c473fae7efb4fb3347daed19f5236bc82acf98b67a5a7d3f273e7fe4daf3ac9df6785afd7cfd18b33fe7d8aef9f35c4fbb4f87add96c8dae77d3decbf6ca9fe77e0a6b63da1a5a3b9fdabc763f3b6ccb513cddff6beb34ceb675865766448a7029a2b1cad3baadbe6d79c725e7b976d5a70576fe496b4ed64e2cd69671d74e22d89da7d5965295565f44b75ebf3cedf81dedfb643a6bef4f6c2f6c386d4f1c3d2279cd9958dd59eb5565d0da2c849ee619e406df69156d914948bfed3cfd68ed6e8a64b478d2d19eae6f3e2cf9e25e4a945e1c3ed70efbcb6d223d4479ea7080721bf5a995fa696964608763696923be3cf4f6d249f99653908e0e079d3cacb6f2e1886e60e5d2e26023fd61cf0c332e0ea60b17f1ac4335b5f414577e1b5da7da790fd7f62432f5ec3c06e6c96c0bbdd5419ee9cc26a455aeb3947e61793bb3671b16d90791873ef14cad5d8eea1c97369ba368ed2c2428719fefcad29bb32a99b354c79c3dd0bcb42afb733c67fad9a10712adb684f2f3b479979e8bb9e6a77b180093373bf5ee3780c82d57e640fb53fbe3b005cc5d64712835ac7ecbf3d65cb169b4cccce9460518ccc4a98ff676ad4f53c709153a4ae65b0db28fb2a85285c9208babacc65264aa7475556fa97d24fd336c2ebf2fe8a6b1f1ad9df4c8e94f442a4a81c4614ddca89a19b29a302da0b2bb51965b6aaf4479bb989d3ef9c4fba1b7e289ee73ede37c09b4fb362c78c081d61ab64ee547465b5ea330d30a33c7ed58d741755caa0a14369b835ec7d04dac2c5aabba471357ae4cf79f44a47a3d0f6dd22dda8436343986dd2ba701d049addb67a9d394dae4240850070c5a527fb278669aa58aaab4ace840211112c31d52009909dd310a57d98e8ba610e832bce52658822b0d329d68ad3da6c8047a2661d662b2498aced4ceea5a09ca4e986c157da98365080802e9e4c54a2aeaebb601a1f0a62afd1402669920ee167796f61e5819ce265543e77175fca3ad74da021334f18a5b150fd9dd7adf88cc599446a7b78c6b7515d30bace8a93a37631e7e8fda260edaa239bbe151aaf75cd32daf8eca4603e0837365334d6846032b8ba80832ff0b32b5dbacbf1b2ea0c465b71988eb6d246e634d4bbb796a33017268ec6a988b1dd2aa4038dc37ddbd2646d19848cb00bf749e24ef1310408199c2eebab927c16e183586fa101808a00c837f9d77548b0a3d9742934888096756c70441ed38055e5b9ca7313ddbf3cdab2980ab6834e8a6f59dd34ce580462bd3de1513f6f0aed12f56edb60cbc0a733b161f7a1358a7b9176cdea6313aed35f76c66037788d582f25ce90fb15db6f68a7bb0e1de565e21d9460b6e1bdbc797e6711def44bf04acd035b3e166af6ccbc7dd74631b6ead74afa1d39a9d568d292d2df82946503d465772900059c3c2228f504c70750380e5b2d6e5e1280c87ad666c106b9dc65526aaeae17c95934e5f6167a57bddb5caf19c4686dc1e034235ca804c2847e24ae1328a339d22b376e773571e95044160940b81ccd766b40b2e9df17165dab812736a1450ac715ee5a1cd454d4a7838b0893043c409d688b809472dc461180a22e4dc12eecc5429ad19920746b0379a6779fa9b2bf725fa0952f2c45f9e6883ce1832d3d59df699e12fabbe02c079cc904d489ee55513a0eb9419b0265d5aa5df03587e84738b9a50c374aad049b07398ee559b8106cfeeba46f8858dc409a323fbb1f3b36a3ddc28b9c5f4e870a8e50a80ec79f50dbd2ab2089f4312296b28fd968d8a5e4df1e98da7bba86d8604b23c2d13c01275807a5300c2aef9676bfe694b949627bf7eb7d970326cd332011c572b2d35a1e878ddb593e94d0881a1d81bd842c813ee861387cf72197262e90d1a34cface0a4c6b77b598cbf3a486a68332b75607c95bc3189a44dabd65fd78c7631d44950da031856c2f11c88f719f2bea3d9b53618e8d596ef160788b65bdb7eb8dc7466c87970747871dd17cf5d2a0f72eb871b43e22aad03991ef8bcb8808be19ed6de502d922200f25ddb0076bc1dcf154e794ec323655ff6d352f845243a48a7ee8288f7a023b8b8686df3362ab93c51e8c61e150dc252a49732cf0076862ef72387a54f9c849c465676db3fab25e0d8c1d42828b97bd76cd61429319949be3395ab1755f9d417cca9059fe7e5c6c5404fc57119933dc4b4290ff02ad18bb6a93817851d0b0f792f57e8ad7b255ba876f5758a25cdb1e3a92dac877b928b93d50f1b1fd29ccb35cbd0295299f7e6006304d7d0b3af82f73d2abc54cac82b8f739507b0d7e33a27553a0890e6db0f4b1b379c8514bd777715f8205af47de0bdba1464946f60cb6098f7eec6bd775ac270cf9b4c70215a97409327b7432e6ebdbe57c7e9822e8b66a0babd45a6e55c2baec00e6cdf76a63b7edca23159e4977b4e3755e8eb09f79d0d97ab61552de6c07945be384744bdb871c172dc070673961bc946ba2fcafe5e5b386c5a88bbf32e35077196b43655f09d6f82eeb8c332b7b13a0f1f38ad8e666836dcf0e78ae10ccf9f160ef7c8cba4a80c1da4da42076cae169a8b8045d54d2b80ec35cebd17ba17cd0ec6ef7dca3d8708a0cf4c75e7a14822cb503998aa21eca26fc6ad98f2b4e0ffaca7cfb52c2e52f217be985085b43777c00a12ccca838bd721847ea742daf14d91c250b9ac67a322fd118dba2b33e53bdd5c4178b3d760a095d7abda2871103cf54c1d868e17f63759e113a42d868f3b519b7d6e73ae3e3d80d96d1c4e3e0fc5e223c6019560422a62dcc41ebef83903fe7867b4778a8036808d82593190346949bda1746489b924e0dfdabae7265f72d0d8690972025037dd12ef46e20d7f0ab3c285b81b17fbc51748c6c266085986f39d69d4979795af9c3ff7534241873f5c8c161a5215dcf76b9591c19784e00e6d394ff5ef8d5a3775d6f2f151c1e169fc72c440dc7c63a20b04fffd4e38b51ce77557ed3717eb8acb7293ca07870ec154a6ba75b21bee0fcbc302e1087b33de5b5119df3733919adb5bcc8227be431df4e0863f07b5bab3ab7a960dba6ad08eaa0e72b3a2b4a3be12bb7f4f6b7653753a6708eeb14ca4e1dbfcab9b89a41fa28515fbba33e17ff697a3f78741bee04abbbf7e652c6fb9d1b6e04f91e48b7f7dfefc0ff15d5fe70a656e6473747265616d0a656e646f626a0a787265660a3320310a30303030303532373631203030303030206e0d0a343320320a30303030303533303839203030303030206e0d0a30303030303534323638203030303030206e0d0a747261696c65720a3c3c202f50726576203531323236202f53697a65203435202f526f6f74203120302052202f496e666f20313420302052202f4944205b28949618c24680ff468eb70221b09cca462920280123456789abcdeffedcba9876543210295d3e3e0a7374617274787265660a35363739340a2525454f460a);

-- --------------------------------------------------------

--
-- Структура таблицы `Users`
--

CREATE TABLE `Users` (
  `UserId` int NOT NULL,
  `FullName` varchar(255) NOT NULL,
  `Email` varchar(255) NOT NULL,
  `Phone` varchar(255) NOT NULL,
  `Password` varchar(255) NOT NULL
) ENGINE=InnoDB DEFAULT CHARSET=utf8mb4 COLLATE=utf8mb4_0900_ai_ci;

--
-- Дамп данных таблицы `Users`
--

INSERT INTO `Users` (`UserId`, `FullName`, `Email`, `Phone`, `Password`) VALUES
(1, 'Ротанова Дарья Валерьевна', 'rotanovad@bk.ru', '88005553535', 'asdfg'),
(2, 'Иванов Иван Иванович', 'ivanov@mail.ru', '8(912)-512-01-92', 'haha0'),
(6, 'Синицина Ольга Владимировна', 'cinic@yandex.ru', '8(912)-848-47-47', 'cin20');

--
-- Индексы сохранённых таблиц
--

--
-- Индексы таблицы `Bookings`
--
ALTER TABLE `Bookings`
  ADD PRIMARY KEY (`Id`),
  ADD KEY `EventID` (`EventID`),
  ADD KEY `KvantumID` (`KvantumID`),
  ADD KEY `bookings_ibfk_4_idx` (`UserId`);

--
-- Индексы таблицы `Events`
--
ALTER TABLE `Events`
  ADD PRIMARY KEY (`Id`),
  ADD KEY `FK_Events_Kvantums` (`KvantumID`);

--
-- Индексы таблицы `Kvantums`
--
ALTER TABLE `Kvantums`
  ADD PRIMARY KEY (`Id`);

--
-- Индексы таблицы `UploadedFiles`
--
ALTER TABLE `UploadedFiles`
  ADD PRIMARY KEY (`Id`),
  ADD KEY `FK_UploadedFiles_Bookings` (`BookingId`);

--
-- Индексы таблицы `Users`
--
ALTER TABLE `Users`
  ADD PRIMARY KEY (`UserId`);

--
-- AUTO_INCREMENT для сохранённых таблиц
--

--
-- AUTO_INCREMENT для таблицы `Bookings`
--
ALTER TABLE `Bookings`
  MODIFY `Id` int NOT NULL AUTO_INCREMENT, AUTO_INCREMENT=24;

--
-- AUTO_INCREMENT для таблицы `Events`
--
ALTER TABLE `Events`
  MODIFY `Id` int NOT NULL AUTO_INCREMENT, AUTO_INCREMENT=43;

--
-- AUTO_INCREMENT для таблицы `Kvantums`
--
ALTER TABLE `Kvantums`
  MODIFY `Id` int NOT NULL AUTO_INCREMENT, AUTO_INCREMENT=12;

--
-- AUTO_INCREMENT для таблицы `UploadedFiles`
--
ALTER TABLE `UploadedFiles`
  MODIFY `Id` int NOT NULL AUTO_INCREMENT, AUTO_INCREMENT=39;

--
-- AUTO_INCREMENT для таблицы `Users`
--
ALTER TABLE `Users`
  MODIFY `UserId` int NOT NULL AUTO_INCREMENT, AUTO_INCREMENT=7;

--
-- Ограничения внешнего ключа сохраненных таблиц
--

--
-- Ограничения внешнего ключа таблицы `Bookings`
--
ALTER TABLE `Bookings`
  ADD CONSTRAINT `bookings_ibfk_2` FOREIGN KEY (`KvantumID`) REFERENCES `Kvantums` (`Id`) ON DELETE RESTRICT ON UPDATE RESTRICT,
  ADD CONSTRAINT `bookings_ibfk_3` FOREIGN KEY (`EventID`) REFERENCES `Events` (`Id`) ON DELETE RESTRICT ON UPDATE RESTRICT,
  ADD CONSTRAINT `bookings_ibfk_4` FOREIGN KEY (`UserId`) REFERENCES `Users` (`UserId`);

--
-- Ограничения внешнего ключа таблицы `Events`
--
ALTER TABLE `Events`
  ADD CONSTRAINT `FK_Events_Kvantums` FOREIGN KEY (`KvantumID`) REFERENCES `Kvantums` (`Id`);

--
-- Ограничения внешнего ключа таблицы `UploadedFiles`
--
ALTER TABLE `UploadedFiles`
  ADD CONSTRAINT `FK_UploadedFiles_Bookings` FOREIGN KEY (`BookingId`) REFERENCES `Bookings` (`Id`);
COMMIT;

/*!40101 SET CHARACTER_SET_CLIENT=@OLD_CHARACTER_SET_CLIENT */;
/*!40101 SET CHARACTER_SET_RESULTS=@OLD_CHARACTER_SET_RESULTS */;
/*!40101 SET COLLATION_CONNECTION=@OLD_COLLATION_CONNECTION */;
